phase_rad,phase_deg,root_x_m,root_z_m,circle_center_x_m,circle_center_z_m,contact_x_m,contact_z_m,com_x_m,com_z_m,com_offset_x_m,com_offset_z_m,com_offset_radius_m,potential_energy_J,potential_from_min_J,gravity_torque_Nm,inertia_about_contact_kg_m2
0.0,0.0,0.0,0.250776265288144,0.0,0.147547621252806,0.0,0.0,0.011876971608832807,0.22040161863975213,0.011876971608832807,0.07285399738694615,0.07381576653977236,6.853983415973421,4.561092317663915,0.3693465000000001,0.19154552810264133
0.017453292519943295,1.0,0.0043767800460214066,0.25076054306565826,0.002575191794347025,0.147547621252806,0.002575191794347025,0.0,0.015721832055854184,0.22018324088731245,0.013146640261507159,0.07263561963450646,0.07381576653977238,6.847192370141378,4.554301271831871,0.4088302748602713,0.1913412462151109
0.03490658503988659,2.0,0.008753011310808976,0.2507133811873423,0.00515038358869405,0.14754762125280602,0.00515038358869405,0.0,0.01956268790889754,0.219942737621495,0.01441230432020349,0.07239511636868898,0.07381576653977234,6.839713271731966,4.54682217342246,0.44818951605839213,0.19111626697363807
0.05235987755982989,3.0000000000000004,0.013128145180292951,0.2506347940191611,0.007725575383041076,0.147547621252806,0.007725575383041076,0.0,0.023399153634429824,0.2196801821019244,0.015673578251388747,0.0721325608491184,0.07381576653977234,6.831548398951015,4.538657300641509,0.48741223438821196,0.1908706589090792
0.06981317007977318,4.0,0.017501633374680817,0.25052480549952744,0.010300767177388103,0.147547621252806,0.010300767177388103,0.0,0.02723084503619339,0.2193956543055554,0.016930077858805286,0.07184803305274942,0.0738157665397724,6.822700238897872,4.529809140588366,0.5264864822297692,0.1906044968360302
0.08726646259971647,5.0,0.02187292811546862,0.2503834491320098,0.012875958971735121,0.147547621252806,0.012875958971735121,0.0,0.031057379372235794,0.219089240902311,0.01818142040050067,0.071541619649505,0.0738157665397724,6.813171486807798,4.520280388498292,0.5654003571886499,0.1903178618300367
0.10471975511965978,6.000000000000001,0.02624148229229966,0.25021076797512715,0.015451150766082155,0.147547621252806,0.015451150766082155,0.0,0.034878375471496845,0.21876103522868207,0.019427224705414692,0.07121341397587608,0.07381576653977236,6.802965045230987,4.510073946921481,0.6041420057215746,0.19001084120289824
0.12217304763960307,7.0,0.030606749629619512,0.25000681462923263,0.018026342560429176,0.14754762125280596,0.018026342560429176,0.0,0.038693453849916876,0.21841113725929626,0.0206671112894877,0.0708635160064903,0.07381576653977236,6.792084023148418,4.499192924838912,0.6426996267471018,0.18968352847607214
0.13962634015954636,8.0,0.034968184853076956,0.2497716512204912,0.0206015343547762,0.14754762125280602,0.0206015343547762,0.0,0.042502236826031325,0.21803965357646465,0.021900702471255126,0.07049203232365864,0.07381576653977234,6.780531735024827,4.48764063671532,0.6810614752403507,0.18933602335218566
0.15707963267948966,9.0,0.03932524385561975,0.24950534938195518,0.02317672614912323,0.14754762125280602,0.02317672614912323,0.0,0.046304348636016165,0.2176466973377156,0.023127622486892936,0.07009907608490959,0.07381576653977238,6.76831169979908,4.475420601489573,0.7192158658106507,0.18896843168466587
0.17453292519943295,10.0,0.04367738386323493,0.24920799023174428,0.025751917943470246,0.14754762125280596,0.025751917943470246,0.0,0.05009941554814918,0.217232388241326,0.024347497604678935,0.06968476698852005,0.07381576653977238,6.755427639812285,4.462536541502779,0.7571511762610242,0.18858086544549565
0.19198621771937624,11.0,0.04802406360028308,0.24887966434833636,0.02832710973781728,0.147547621252806,0.02832710973781728,0.0,0.05388706597665231,0.21679685248986033,0.025559956238835033,0.06924923123705434,0.07381576653977241,6.741883479673931,4.448992381364425,0.7948558511284204,0.18817344269110597
0.20943951023931956,12.000000000000002,0.05236474345437604,0.24852047174297595,0.03090230153216431,0.14754762125280602,0.03090230153216431,0.0,0.05766693059488025,0.2163402227517274,0.026764629062715938,0.06879260149892139,0.07381576653977238,6.727683345066395,4.4347922467568885,0.8323184052036217,0.18774628752641453
0.22689280275926285,13.0,0.056698885640748146,0.24813052182921028,0.03347749332651133,0.147547621252806,0.03347749332651133,0.0,0.061438642447820865,0.21586263812076897,0.027961149121309536,0.06831501686796299,0.07381576653977236,6.712831561488239,4.419940463178732,0.8695274270297477,0.18729953006702244
0.24434609527920614,14.0,0.06102595436607066,0.2477099333895606,0.03605268512085835,0.147547621252806,0.03605268512085835,0.0,0.06520183706387343,0.21536424407389015,0.02914915194301508,0.06781662282108417,0.07381576653977234,6.697332652936615,4.404441554627109,0.9064715823783003,0.18683330639957968
0.2617993877991494,14.999999999999998,0.06534541599165958,0.24725883453933997,0.03862787691520537,0.14754762125280602,0.03862787691520537,0.0,0.06895615256586994,0.21484519242674574,0.030328275650664573,0.06729757117393972,0.07381576653977236,6.681191340529212,4.388300242219706,0.9431396177016719,0.1863477585403318
0.2792526803190927,16.0,0.06965673919602722,0.24677736268762804,0.041203068709552405,0.14754762125280596,0.041203068709552405,0.0,0.07270122978130669,0.21430564128749546,0.03149816107175429,0.0667580200346895,0.0738157665397724,6.664412541066149,4.3715214427566425,0.9795203635610935,0.18584303439186028
0.29670597283903605,17.0,0.07395939513672778,0.24626566449541498,0.04377826050389943,0.147547621252806,0.04377826050389943,0.0,0.07643671235175144,0.21374575500864318,0.03265845184785201,0.06619813375583719,0.07381576653977238,6.647001365532285,4.3541102672227785,1.0156027380289476,0.1853192876980301
0.3141592653589793,18.0,0.07825285761144796,0.24572389583092705,0.04635345229824646,0.14754762125280596,0.04635345229824646,0.0,0.08016224684139382,0.21316570413697314,0.033808794543147364,0.06561808288416718,0.07381576653977241,6.628963117540351,4.336072019230845,1.051375750064434,0.18477667799715797
0.33161255787892263,19.0,0.08253660321829326,0.2451522217221477,0.04892864409259348,0.147547621252806,0.04892864409259348,0.0,0.08387748284470518,0.21256566536159993,0.0349488387521117,0.06501804410879394,0.07381576653977238,6.610303291715428,4.3174121934059215,1.0868285028615443,0.184215370573415
0.3490658503988659,20.0,0.08681011151522125,0.2445508163065484,0.05150383588694051,0.14754762125280602,0.05150383588694051,0.0,0.08758207309317567,0.2119458214601473,0.03607823720623516,0.06439820020734127,0.07381576653977238,6.591027572021224,4.298136473711717,1.1219501971683394,0.18363553640648006
0.3665191429188092,21.0,0.0910728651785733,0.24391986277804467,0.054079027681287514,0.14754762125280596,0.054079027681287514,0.0,0.09127567356109537,0.21130636124307203,0.03719664587980785,0.06375873999026607,0.07381576653977238,6.571141830028683,4.278250731719177,1.1567301345765009,0.1830373521194574
0.3839724354387525,22.0,0.09532435016065632,0.2432595533311935,0.056654219475634544,0.147547621252806,0.056654219475634544,0.0,0.09495794357034809,0.21064747949615104,0.03830372409471355,0.06309985824334505,0.07381576653977237,6.550652123127458,4.257761024817952,1.1911577207801738,0.18242099992507552
0.4014257279586958,23.0,0.09956405584632674,0.24257008910264893,0.05922941126998158,0.147547621252806,0.05922941126998158,0.0,0.09862854589418509,0.20996937692114703,0.039399134624203504,0.062421755668341045,0.07381576653977237,6.529564692680755,4.236673594371249,1.2252224688030935,0.1817866675701836
0.4188790204786391,24.000000000000004,0.10379147520852872,0.241851680109894,0.0618046030643286,0.14754762125280596,0.0618046030643286,0.0,0.10228714685994755,0.2092722600746733,0.040482543795618955,0.06172463882186735,0.07381576653977238,6.50788596212417,4.214994863814663,1.2589140021930199,0.18113454827856187
0.4363323129985824,25.0,0.1080061049627396,0.24110454518726726,0.06437979485867562,0.14754762125280596,0.06437979485867562,0.0,0.10593341645070666,0.2085563413052745,0.041553621592031034,0.061008720052468546,0.07381576653977243,6.485622535009036,4.19273143669953,1.2922220581825037,0.18046484069206378
0.4537856055185257,26.0,0.11220744572027525,0.24032891191930383,0.06695498665302266,0.14754762125280602,0.06695498665302266,0.0,0.10956702840578988,0.2078218386887429,0.04261204175276723,0.06027421743593689,0.07381576653977236,6.462781192990922,4.169890094681415,1.3251364908150296,0.17977774881010775
0.47123889803846897,27.0,0.11639500214040857,0.23952501657141081,0.06953017844736968,0.14754762125280602,0.06953017844736968,0.0,0.11318766032016304,0.20706897596169088,0.04365748187279336,0.059521354708884866,0.07381576653977233,6.439368893763876,4.14647779545437,1.3576472740355665,0.17907348192753697
0.4886921905584123,28.0,0.12056828308125528,0.23869310401789873,0.0721053702417167,0.147547621252806,0.0721053702417167,0.0,0.11679499374263827,0.20629798245339828,0.044689623500921566,0.058750361200592294,0.07381576653977238,6.415392768941045,4.1225016706315385,1.3897445047446089,0.17835225457086643
0.5061454830783556,29.000000000000004,0.12472680174938028,0.23783342766739024,0.07468056203606374,0.14754762125280596,0.07468056203606374,0.0,0.12038871427287702,0.20550909301595635,0.04570815223681328,0.05796147176315039,0.07381576653977237,6.390860121882307,4.097969023572801,1.4214184058147485,0.17761428643293542
0.5235987755982988,29.999999999999996,0.12887007584807975,0.2369462493856297,0.07725575383041075,0.147547621252806,0.07725575383041075,0.0,0.12396851165715957,0.20470254795273007,0.046712757826748816,0.057154926699924086,0.07381576653977237,6.365778425469616,4.072887327160109,1.452659329068887,0.17685980230598788
0.5410520681182421,31.0,0.13299762772429352,0.23603183941571587,0.07983094562475779,0.147547621252806,0.07983094562475779,0.0,0.1275340798828915,0.2038785929451587,0.04770313425813372,0.05633097169235271,0.07381576653977234,6.340155319830663,4.047264221521156,1.4834577582191653,0.1760890320131975
0.5585053606381855,32.0,0.13710898451410256,0.23509047629578378,0.08240613741910482,0.14754762125280596,0.08240613741910482,0.0,0.13108511727181774,0.20303747897791954,0.04867897985271291,0.055489857725113584,0.07381576653977236,6.31399861001165,4.0211075117021435,1.5138043117657107,0.17530221033866228
0.5759586531581288,33.0,0.14120367828676805,0.23412244677415894,0.08498132921345182,0.14754762125280602,0.08498132921345182,0.0,0.13462132657191694,0.20217946226247496,0.049639997358465124,0.05463184100966895,0.07381576653977232,6.287316263599769,3.994425165290263,1.5436897458543413,0.17449957695588628
0.5934119456780721,34.0,0.14528124618726773,0.23312804572201112,0.08755652100779887,0.14754762125280602,0.08755652100779887,0.0,0.13814241504794741,0.20130480415902835,0.050585894040148544,0.053757182906222334,0.07381576653977237,6.260116408296217,3.967225309986711,1.5731049570923277,0.1736813763547732
0.6108652381980153,35.0,0.1493412305772857,0.23210757604353377,0.09013171280214587,0.14754762125280596,0.09013171280214587,0.0,0.14164809457061656,0.20041377109691094,0.05151638176847069,0.05286614984410498,0.07381576653977238,6.2324073294404085,3.939516231130902,1.6020409853213713,0.17284785776715217
0.6283185307179586,36.0,0.15338317917461397,0.2310613485836765,0.09270690459649292,0.14754762125280602,0.09270690459649292,0.0,0.14513808170434875,0.19950663449342507,0.05243117710785583,0.05195901324061905,0.07381576653977232,6.204197467486186,3.91130636917668,1.6304890163469685,0.17199927509085955
0.6457718232379019,37.0,0.15740664519092143,0.2299896820334586,0.09528209639083993,0.147547621252806,0.09528209639083993,0.0,0.1486120977936216,0.19858367067116792,0.053330001402781685,0.05103604941836193,0.07381576653977236,6.17549541543078,3.882604317121274,1.6584403846232845,0.17113588681239894
0.6632251157578453,38.0,0.16141118746785038,0.22889290283289274,0.09785728818518695,0.14754762125280596,0.09785728818518695,0.0,0.15206986904784786,0.1976451607738606,0.05421258086266091,0.05009753952105464,0.07381576653977238,6.1463099161972865,3.85341881788778,1.6858865758927706,0.17025795592820364
0.6806784082777885,39.0,0.16539637061139736,0.22777134507154817,0.10043247997953397,0.14754762125280602,0.10043247997953397,0.0,0.1555111266247743,0.19669139068070945,0.055078646645240315,0.04914376942790344,0.07381576653977237,6.1166498599715,3.8237587616619937,1.71281922977969,0.16936574986452593
0.6981317007977318,40.0,0.16936176512453854,0.22662535038678372,0.10300767177388098,0.147547621252806,0.10300767177388098,0.0,0.15893560671237372,0.19572265091932411,0.05592793493849274,0.04817502966651813,0.07381576653977237,6.086524281493867,3.793633183184361,1.739230142336766,0.16845954039597558
0.7155849933176751,41.0,0.17330694753805861,0.2254552678596819,0.10558286356822805,0.147547621252806,0.10558286356822805,0.0,0.1623430506092049,0.19473923657722036,0.05676018704097685,0.04719161532441438,0.07381576653977237,6.055942357307427,3.763051258997921,1.765111268544186,0.16753960356273545
0.7330382858376184,42.0,0.1772315005395435,0.22426145390871532,0.10815805536257504,0.14754762125280602,0.10815805536257504,0.0,0.16573320480321502,0.1937414472119334,0.057575149440639975,0.04619382595912738,0.07381576653977236,6.024913402962542,3.732022304653036,1.79045472476019,0.16660621958647662
0.7504915783575618,43.0,0.18113501310049804,0.22304427218117814,0.11073324715692208,0.14754762125280596,0.11073324715692208,0.0,0.1691058210489626,0.19272958675976956,0.05837257389204052,0.0451819655069636,0.07381576653977237,5.993446870179287,3.700555771869781,1.815252791122509,0.16565967278500005
0.767944870877505,44.0,0.1850170806015489,0.22180409344241575,0.1133084389512691,0.147547621252806,0.1133084389512691,0.0,0.17246065644323477,0.1917039634432249,0.05915221749196567,0.04415634219041892,0.07381576653977238,5.961552343968377,3.6686612456588703,1.8394979138999012,0.16470025148563094
0.7853981633974483,45.0,0.18887730495569588,0.22054129546288576,0.11588363074561611,0.14754762125280602,0.11588363074561611,0.0,0.17579747349903854,0.19066488967709683,0.05991384275342243,0.04311726842429081,0.07381576653977234,5.929239539711455,3.6363484414019487,1.8631827077931051,0.16372824793739119
0.8028514559173916,46.0,0.1927152947295729,0.21925626290308578,0.11845882253996316,0.14754762125280596,0.11845882253996316,0.0,0.1791160402179412,0.18961268197332043,0.060657217677978034,0.04206506072051447,0.07381576653977238,5.896518300201728,3.6036272018922215,1.886299958184458,0.16274395822197757
0.8203047484373349,47.0,0.19653066526268234,0.21794938719638193,0.12103401433431019,0.14754762125280596,0.12103401433431019,0.0,0.18241613016073946,0.18854766084455513,0.06138211582642927,0.041000039591749166,0.07381576653977237,5.863398592645723,3.5705074943362165,1.90884262333555,0.16174768216357244
0.8377580409572782,48.00000000000001,0.20032303878456653,0.21662106642977447,0.12360920612865721,0.14754762125280602,0.12360920612865721,0.0,0.18569752251643507,0.1874701507065539,0.062088316387777856,0.039922529453747885,0.07381576653977233,5.829890505627202,3.536999407317696,1.9308038365321998,0.16073972323751443
0.8552113334772214,49.0,0.20409204452988014,0.21527170522263656,0.12618439792300423,0.14754762125280596,0.12618439792300423,0.0,0.18896000216949596,0.18638047977934283,0.06277560424649173,0.03883285852653687,0.07381576653977236,5.79600424603407,3.503113147724564,1.9521769081761262,0.15972038847785658
0.8726646259971648,50.0,0.207837318851329,0.21390171460346355,0.1287595897173513,0.14754762125280602,0.1287595897173513,0.0,0.19220335976538247,0.18527897998724224,0.06344377004803117,0.03773135873443623,0.07381576653977234,5.761750135949264,3.468859037639758,1.9729553278226595,0.1586899883838413
0.8901179185171081,51.0,0.21155850533044046,0.21251151188466938,0.1313347815116983,0.147547621252806,0.1313347815116983,0.0,0.19542739177431873,0.18416598685775926,0.06409261026262042,0.03661836560495327,0.07381576653977238,5.727138609506541,3.434247511197035,1.9931327661638916,0.15764883682531888
0.9075712110370514,52.0,0.21525525488613206,0.2111015205354694,0.13390997330604532,0.14754762125280596,0.13390997330604532,0.0,0.19863190055328983,0.1830418394193829,0.06472192724724452,0.03549421816657694,0.07381576653977233,5.692180209712145,3.3992891114026387,2.0127030769566363,0.15659725094714
0.9250245035569946,53.0,0.21892722588104493,0.2096721700528875,0.13648516510039232,0.147547621252806,0.13648516510039232,0.0,0.20181669440624614,0.18190688009831285,0.06533152930585381,0.03435925884550686,0.07381576653977236,5.656885585233304,3.363994486923798,2.0316602988946504,0.15553555107254996
0.9424777960769379,54.0,0.22257408422560987,0.20822389583092704,0.1390603568947394,0.14754762125280596,0.1390603568947394,0.0,0.20498158764249516,0.18076145461415277,0.06592123074775577,0.03321383336134681,0.07381576653977234,5.62126548715454,3.3283743888450337,2.049998657424485,0.15446406060561552
0.9599310885968813,55.0,0.22619550347981415,0.20675713902794585,0.14163554868908637,0.14754762125280602,0.14163554868908637,0.0,0.20812640063326507,0.17960591187460126,0.0664908519441787,0.03205829062179524,0.07381576653977236,5.585330765702789,3.2924396673932828,2.067712566504486,0.15338310593271273
0.9773843811168246,56.0,0.22979116495263852,0.20527234643227485,0.1442107404834334,0.147547621252806,0.1442107404834334,0.0,0.21125095986642142,0.1784406038691707,0.06704021938298801,0.030892982616364723,0.07381576653977234,5.549092366942311,3.256201268632805,2.084796630306347,0.1522930163231064
0.9948376736367679,57.00000000000001,0.2333607577991334,0.2037699703261222,0.14678593227778047,0.14754762125280596,0.14678593227778047,0.0,0.2143550979993206,0.17726588556196818,0.06756916572154012,0.029718264309162218,0.07381576653977237,5.512561329440419,3.2196702311309124,2.1012456448587384,0.1511941238286515
1.0122909661567112,58.00000000000001,0.2369039791151053,0.20225046834780372,0.14936112407212748,0.147547621252806,0.14936112407212748,0.0,0.21743865390978373,0.17608211478356972,0.06807752983765625,0.028534493530763733,0.07381576653977234,5.475748780905017,3.182857682595511,2.117054599632483,0.15008676318264702
1.0297442586766545,59.00000000000001,0.2404205340293844,0.20071430335234172,0.1519363158664745,0.147547621252806,0.1519363158664745,0.0,0.2205014727451765,0.174889652122022,0.06856515687870202,0.027342030869216022,0.07381576653977238,5.438665934795005,3.145774836485499,2.132218679066812,0.14897127169787308
1.0471975511965976,59.99999999999999,0.24391013579364518,0.199161943270475,0.1545115076608215,0.147547621252806,0.1545115076608215,0.0,0.2235434059695784,0.17368886081300333,0.06903189830875689,0.026141239560197344,0.07381576653977237,5.401324086904535,3.1084329885950286,2.1467332640362295,0.1478479891638419
1.064650843716541,61.0,0.2473725058697528,0.19759386096612253,0.1570866994551685,0.14754762125280596,0.1570866994551685,0.0,0.2265643114090284,0.17248010662917873,0.0694776119538599,0.02493248537637277,0.07381576653977237,5.3637346119222125,3.070843513612706,2.1605939332575494,0.14671725774329478
1.0821041362364843,62.0,0.2508073740146083,0.19601053409234456,0.15966189124951558,0.147547621252806,0.15966189124951558,0.0,0.22956405329483262,0.17126375776878208,0.06990216204531705,0.023716136515976094,0.07381576653977237,5.325908959966256,3.0330178616567496,2.1737964646366565,0.14557942186797615
1.0995574287564276,63.0,0.2542144783624674,0.1944124449458449,0.16223708304386258,0.147547621252806,0.16223708304386258,0.0,0.23254250230492032,0.17004018474345925,0.07030541926105774,0.02249256349065326,0.07381576653977236,5.287858653096674,2.9949675547871673,2.1863368365545957,0.14443482813371603
1.117010721276371,64.0,0.25759356550470747,0.19280008032005858,0.16481227483820965,0.147547621252806,0.16481227483820965,0.0,0.23549953560323728,0.16880976026540687,0.07068726076502763,0.021262139012600878,0.07381576653977237,5.2495952818055445,2.956704183496038,2.1982112290926,0.1432838251948538
1.1344640137963142,65.0,0.2609443905670179,0.19117393135686997,0.16738746663255663,0.147547621252806,0.16738746663255663,0.0,0.23843503687716222,0.16757285913384026,0.07104757024460559,0.020025237881034275,0.07381576653977236,5.2111305014864255,2.918239403176919,2.209416025195672,0.14212676365803467
1.1519173063162575,66.0,0.26426671728399165,0.1895344933970061,0.16996265842690364,0.14754762125280596,0.16996265842690364,0.0,0.24134889637293747,0.16632985812082624,0.07138623794603383,0.018782236868020274,0.07381576653977238,5.172476028884019,2.879584930574513,2.2199478117743765,0.14096399597541148
1.1693705988362009,67.0,0.26756031807109365,0.18788226582915113,0.1725378502212507,0.14754762125280596,0.1725378502212507,0.0,0.24424101092910033,0.1650811358565146,0.07170316070784963,0.01753351460370864,0.07381576653977234,5.133643638525135,2.840752540215629,2.229803380744496,0.1397958763372843
1.1868238913561442,68.0,0.2708249740939852,0.18621775193782775,0.1751130420155977,0.14754762125280596,0.1751130420155977,0.0,0.24711128400790747,0.16382707271380373,0.07199824199230978,0.016279451460997768,0.0738157665397724,5.094645159132055,2.8017540608225486,2.238979730004252,0.13862276056421083
1.2042771838760873,69.0,0.2740604753351834,0.18454145875009179,0.17768823380994472,0.147547621252806,0.17768823380994472,0.0,0.24995962572474106,0.1625680506924753,0.07227139191479634,0.015020429439669303,0.07381576653977234,5.05549247001939,2.7626013717098834,2.2474740643487627,0.13744500599861972
1.2217304763960306,70.0,0.27726662065803415,0.18285389688108675,0.18026342560429176,0.147547621252806,0.18026342560429176,0.0,0.2527859528754888,0.1613044533028333,0.07252252727119701,0.013756832050027312,0.07381576653977234,5.01619749747552,2.723306399166014,2.2552837963215038,0.1362629713959607
1.239183768915974,71.0,0.2804432178679805,0.18115558037850577,0.18283861739863877,0.147547621252806,0.18283861739863877,0.0,0.25559018896188823,0.16003666544888343,0.07275157156324946,0.012489044196077437,0.0738157665397724,4.976772211129743,2.683881112820237,2.2624065470024632,0.13507701681542453
1.2566370614359172,72.0,0.28359008377110684,0.17944702656600747,0.18541380919298578,0.14754762125280596,0.18541380919298578,0.0,0.2583722642148291,0.15876507331108733,0.07295845502184334,0.011217452058281369,0.07381576653977237,4.937228620306201,2.644337521996695,2.268840146732778,0.13388750351026496
1.2740903539558606,73.0,0.2867070442299418,0.17772875588563433,0.18798900098733284,0.147547621252806,0.18798900098733284,0.0,0.261132115615606,0.15749006422872847,0.07314311462827316,0.009942442975922477,0.07381576653977237,4.8975787703657305,2.604687672056224,2.274582635775651,0.13269479381775784
1.2915436464758039,74.0,0.2897939342165019,0.1760012917392808,0.19056419278167985,0.147547621252806,0.19056419278167985,0.0,0.2638696869151138,0.1562120265819245,0.07330549413343396,0.008664405329118524,0.07381576653977237,4.857834739036715,2.5649436407272086,2.27963226491329,0.13149925104882954
1.3089969389957472,75.0,0.29285059786256085,0.1742651603292602,0.19313938457602686,0.147547621252806,0.19313938457602686,0.0,0.2665849286509823,0.15493134967332328,0.07344554407495546,0.007383728420517294,0.07381576653977238,4.818008632736107,2.5251175344266006,2.283987495979743,0.130301239377389
1.3264502315156905,76.0,0.29587688850712857,0.17252089049801828,0.19571457637037395,0.147547621252806,0.19571457637037395,0.0,0.2692777981626427,0.15364842360951741,0.07356322179226873,0.006100802356711427,0.07381576653977236,4.778112582881691,2.4852214845721843,2.287647002329436,0.12910112372939658
1.3439035240356338,77.0,0.2988726687411253,0.1707690135670428,0.198289768164721,0.147547621252806,0.198289768164721,0.0,0.2719482596043222,0.15236363918221385,0.07365849143960118,0.004816017929407862,0.07381576653977237,4.738158742196733,2.4452676438872265,2.2906096692412863,0.12789926967170465
1.361356816555577,78.0,0.3018378104492379,0.16901006317501774,0.20086495995906795,0.147547621252806,0.20086495995906795,0.0,0.27459628395596325,0.15107738774919524,0.0737313239968953,0.0035297664963892528,0.0738157665397724,4.69815928100815,2.4052681826986433,2.292874594258252,0.12669604330070172
1.3788101090755203,79.0,0.30477219484894535,0.1672445751152718,0.203440151753415,0.147547621252806,0.203440151753415,0.0,0.27722184903206354,0.1497900611151082,0.07378169727864853,0.0022424398623022146,0.07381576653977234,4.658126383539301,2.3652352852297946,2.294441087462229,0.12549181113079627
1.3962634015954636,80.0,0.3076757125267003,0.16547308717257067,0.206015343547762,0.147547621252806,0.206015343547762,0.0,0.2798249394884334,0.14850205141211603,0.07380959594067141,0.0009544301593100435,0.07381576653977237,4.6180722441985615,2.3251811458890552,2.295308671684218,0.12428693998277296
1.413716694115407,81.0,0.3105482634712582,0.16369613895930252,0.20859053534210903,0.147547621252806,0.20859053534210903,0.0,0.28240554682687014,0.14721375098045167,0.0738150114847611,-0.00033387027235431965,0.07381576653977234,4.578009063864793,2.285117965555287,2.295477082649656,0.12308179687205532
1.4311699866353502,82.0,0.3133897571041413,0.16191427175110676,0.2111657271364561,0.147547621252806,0.2111657271364561,0.0,0.2849636693977466,0.14592555224890646,0.0737979422612905,-0.0016220690038995234,0.07381576653977236,4.537949046170819,2.245057947861313,2.2949462690589337,0.12187674889690939
1.4486232791552935,83.0,0.3162001123072298,0.16012802832199632,0.2137409189308031,0.14754762125280602,0.2137409189308031,0.0,0.28749931240051346,0.14463784761529316,0.07375839346971036,-0.0029097736375128525,0.07381576653977236,4.497904393786103,2.205013295476597,2.293716392603012,0.12067216312662186
1.4660765716752369,84.0,0.3189792574474713,0.1583379527790235,0.2163161107251501,0.147547621252806,0.2163161107251501,0.0,0.29001248788211587,0.1433510293269175,0.07369637715696575,-0.0041965919258884765,0.07381576653977236,4.457887304699684,2.1649962063901773,2.2917878279141743,0.11946840648968751
1.4835298641951802,85.0,0.321727130398701,0.15654459039653948,0.21889130251949718,0.14754762125280596,0.21889130251949718,0.0,0.29250321473332347,0.14206548936109575,0.07361191221382629,-0.005482131891710207,0.07381576653977234,4.417909968504548,2.125018870195042,2.289161162451906,0.11826584566203902
1.5009831567151235,86.0,0.3244436785605656,0.1547484874500987,0.2214664943138442,0.147547621252806,0.2214664943138442,0.0,0.2949715186829761,0.14078161930575486,0.07350502436913192,-0.006766001947051126,0.07381576653977237,4.377984562684574,2.085093464375068,2.2858371963239543,0.11706484695535392
1.5184364492350666,87.0,0.3271288588745463,0.1529501910500579,0.22404168610819114,0.147547621252806,0.22404168610819114,0.0,0.29741743229014667,0.13949981024015076,0.07337574618195553,-0.008047811012655226,0.07381576653977236,4.338123248905137,2.0452321505956306,2.2818169420425987,0.1158657762054727
1.53588974175501,88.0,0.3297826378370745,0.15115024897492094,0.2266168779025382,0.147547621252806,0.2266168779025382,0.0,0.29984099493422356,0.138220452615742,0.07322411703168535,-0.009327168637063982,0.0738157665397724,4.298338169308561,2.005447070999055,2.2771016242162423,0.1146689986609613
1.5533430342749532,89.0,0.3324049915097375,0.14934920950448038,0.22919206969688521,0.147547621252806,0.22919206969688521,0.0,0.30224225280291456,0.1369439361372544,0.07305018310602934,-0.010603685115551598,0.07381576653977241,4.258641442815497,1.9657503445059907,2.271692679176369,0.11347487887185327
1.5707963267948966,90.0,0.33499590552657027,0.147547621252806,0.23176726149123222,0.147547621252806,0.23176726149123222,0.0,0.3046212588781784,0.13567064964397318,0.0728539973869462,-0.011876971608832804,0.07381576653977241,4.219045161433386,1.9261540631238798,2.2655917545400373,0.1122837805786041
1.5882496193148399,91.0,0.3375553750984316,0.14574603300113162,0.23434245328557932,0.147547621252806,0.23434245328557932,0.0,0.3069780729200858,0.13440098099129882,0.07263561963450646,-0.013146640261507164,0.07381576653977238,4.1795613865731145,1.8866702882636082,2.258800708707992,0.11109606660129229
1.6057029118347832,92.0,0.34008340501446266,0.14394499353069107,0.23691764507992635,0.14754762125280602,0.23691764507992635,0.0,0.3093127614486153,0.13313531693260253,0.07239511636868895,-0.01441230432020349,0.07381576653977232,4.140202145374994,1.8473110470654879,2.2513216102985787,0.10991209872910102
1.6231562043547265,93.0,0.34258000964062846,0.14214505145555412,0.23949283687427336,0.147547621252806,0.23949283687427336,0.0,0.31162539772339176,0.13187404300141725,0.0721325608491184,-0.015673578251388737,0.07381576653977234,4.100979427045174,1.8080883287356677,2.2431567375176296,0.10873223761011348
1.6406094968746698,94.0,0.3450452129153418,0.14034675505551328,0.24206802866862037,0.147547621252806,0.24206802866862037,0.0,0.3139160617213697,0.1306175433940007,0.07184803305274934,-0.016930077858805292,0.07381576653977232,4.061905179203617,1.7690140808941104,2.2343085774644837,0.10755684264145614
1.6580627893946132,95.0,0.34747904834217125,0.13855065210907247,0.24464322046296744,0.147547621252806,0.24464322046296744,0.0,0.3161848401124724,0.1293662008523053,0.07154161964950495,-0.018181420400500692,0.07381576653977236,4.022991304244735,1.730100205935229,2.2247798253744104,0.10638627185982269
1.6755160819145565,96.00000000000001,0.34988155897963563,0.13675728972658846,0.24721841225731445,0.14754762125280596,0.24721841225731445,0.0,0.31843182623319055,0.12812039654739124,0.0712134139758761,-0.01942722470541472,0.0738157665397724,3.9842496557118094,1.6913585574023031,2.2145733837976027,0.10522088183241282
1.6929693744344996,97.0,0.3522527974280881,0.13496721418361565,0.24979360405166146,0.14754762125280596,0.24979360405166146,0.0,0.3206571200581517,0.1268805099633183,0.07086351600649027,-0.020667111289487672,0.07381576653977233,3.945692034686284,1.6528009363767775,2.203692361715033,0.10406102754831832
1.710422666954443,98.0,0.35459282581369367,0.13318097075450525,0.25236879584600846,0.14754762125280602,0.25236879584600846,0.0,0.3228608281696671,0.12564691878155088,0.07049203232365864,-0.02190070247125514,0.07381576653977234,3.9073301861930356,1.6144390878835293,2.19214007359144,0.10290706231038982
1.7278759594743862,99.0,0.35690171576950463,0.13139910354630946,0.2549439876403555,0.147547621252806,0.2549439876403555,0.0,0.32504306372526504,0.12441999876591303,0.07009907608490956,-0.023127622486892957,0.07381576653977236,3.8691757956227346,1.5762846973132283,2.1799200383656925,0.10175933762761748
1.7453292519943295,100.0,0.35917954841364086,0.1296221553330413,0.25751917943470254,0.147547621252806,0.25751917943470254,0.0,0.3272039464232226,0.12320012364812705,0.06968476698852005,-0.02434749760467894,0.07381576653977238,3.831240485172361,1.5383493868628548,2.1670359783789004,0.10061820310805797
1.7627825445142729,101.0,0.3614264143245799,0.12785066739034018,0.26009437122904955,0.147547621252806,0.26009437122904955,0.0,0.3293436024661038,0.12198766501397093,0.06924923123705423,-0.025559956238835058,0.07381576653977232,3.793535810304965,1.5006447119954585,2.153491818240542,0.09948400635234038
1.7802358370342162,102.0,0.3636424135135665,0.12608517933059427,0.26266956302339656,0.147547621252806,0.26266956302339656,0.0,0.33146216452231797,0.12078299219009005,0.06879260149892141,-0.02676462906271594,0.07381576653977241,3.756073256229764,1.4631821579202575,2.139291683633009,0.09835709284778373
1.7976891295541595,103.0,0.3658276553941479,0.12432622893856916,0.2652447548177436,0.147547621252806,0.2652447548177436,0.0,0.33355977168570666,0.11958647213149642,0.06831501686796304,-0.027961149121309564,0.07381576653977243,3.7188642344036373,1.425973136094131,2.124439900054855,0.09723780586315807
1.8151424220741028,104.0,0.36798225874884527,0.12257435200759367,0.26781994661209063,0.147547621252806,0.26781994661209063,0.0,0.3356365694331749,0.1183984693097909,0.06781662282108425,-0.029149151943015095,0.07381576653977243,3.681920079055085,1.3890289807455787,2.108940991503232,0.09612648634412178
1.8325957145940461,105.00000000000001,0.3701063516929716,0.12083008217635177,0.27039513840643764,0.147547621252806,0.27039513840643764,0.0,0.3376927095803774,0.1172193456021414,0.06729757117393975,-0.030328275650664593,0.07381576653977238,3.645252043731713,1.3523609454222068,2.0927996790958265,0.09502347280936593
1.8500490071139892,106.0,0.3722000716356067,0.11909395076633118,0.27297033020078465,0.147547621252806,0.27297033020078465,0.0,0.33972835023547415,0.1160494601810517,0.0667580200346895,-0.031498161071754294,0.0738157665397724,3.608871297872292,1.3159801995627856,2.076020879632764,0.09392910124749837
1.8675022996339325,107.0,0.3742635652377406,0.11736648661997764,0.2755455219951316,0.14754762125280596,0.2755455219951316,0.0,0.3417436557509688,0.11488916940495397,0.06619813375583722,-0.03265845184785199,0.0738157665397724,3.572788923404438,1.2798978250949316,2.0586097040988993,0.0928437050146982
1.8849555921538759,108.0,0.3762969883675998,0.1156482159396045,0.2781207137894787,0.14754762125280602,0.2781207137894787,0.0,0.3437387966736458,0.11373882670965864,0.0656180828841671,-0.03380879454314738,0.07381576653977234,3.537015911368952,1.2441248130594458,2.0405714561069637,0.09176761473317242
1.9024088846738192,109.0,0.37830050605316745,0.11393966212710621,0.28069590558382573,0.147547621252806,0.28069590558382573,0.0,0.34571394969261965,0.11259878250069427,0.06501804410879392,-0.034948838752111716,0.07381576653977236,3.501563158571841,1.2086720602623346,2.021911630282041,0.09070115819044508
1.9198621771937625,110.0,0.38027429243191513,0.11224134562452524,0.28327109737817274,0.147547621252806,0.28327109737817274,0.0,0.34766929758551396,0.11146938404657085,0.06439820020734122,-0.03607823720623514,0.07381576653977233,3.466441464265047,1.1735503659555406,2.0026359105878355,0.08964466023951016
1.9373154697137058,111.0,0.38221853069775846,0.11055378375552022,0.28584628917251975,0.14754762125280602,0.28584628917251975,0.0,0.3496050291627858,0.11035097537299814,0.06375873999026604,-0.03719664587980788,0.07381576653977237,3.431661526856885,1.1387704285473785,1.9827501685952968,0.08859844269987804
1.9547687622336491,112.0,0.38413341304525433,0.1088774905677842,0.2884214809668668,0.147547621252806,0.2884214809668668,0.0,0.3515213392102119,0.1092438971580924,0.06309985824334507,-0.03830372409471358,0.07381576653977241,3.397233940653211,1.1043428423437045,1.9622604616940726,0.08756282425954613
1.9722220547535925,113.0,0.3860191406110568,0.10721297667646082,0.2909966727612139,0.147547621252806,0.2909966727612139,0.0,0.3534184284295549,0.10814848662860246,0.06242175566834102,-0.039399134624203525,0.07381576653977236,3.3631691926302913,1.070278094320785,1.941173031247369,0.08653812037792369
1.9896753472735358,114.00000000000001,0.38787592341264887,0.10556074910860587,0.29357186455556084,0.147547621252806,0.29357186455556084,0.0,0.3552965033774282,0.10706507745718702,0.06172463882186735,-0.04048254379561897,0.0738157665397724,3.3294776592403657,1.0365865609308593,1.9194943006907847,0.08552464318973961
2.007128639793479,115.0,0.3897039802843692,0.10392131114874203,0.2961470563499079,0.147547621252806,0.2961470563499079,0.0,0.35715577640237645,0.10599399966077498,0.061008720052468546,-0.041553621592031006,0.0738157665397724,3.296169603250883,1.0032785049413766,1.8972308735756516,0.08452270140996312
2.0245819323134224,116.00000000000001,0.3915035388107528,0.1022951621855534,0.29872224814425496,0.14754762125280602,0.29872224814425496,0.0,0.3589964655801919,0.10493557950003878,0.060274217435936916,-0.04261204175276724,0.07381576653977238,3.2632551706183563,0.97036407230885,1.8743895315575358,0.0835326002397664
2.0420352248333655,117.0,0.39327483525720675,0.1006827975597671,0.3012974399386019,0.147547621252806,0.3012974399386019,0.0,0.36081879464748684,0.10389013938001261,0.05952135470888492,-0.04365748187279338,0.07381576653977238,3.2307443873978188,0.9378532890883124,1.850977232330491,0.08255464127355723
2.059488517353309,118.00000000000001,0.3950181144980417,0.09908470841326741,0.303872631732949,0.147547621252806,0.303872631732949,0.0,0.36262299293354117,0.1028579977518844,0.05875036120059218,-0.044689623500921594,0.07381576653977232,3.198647156688776,0.9057560583792696,1.827001107507656,0.08158912240711039
2.076941809873252,119.0,0.3967336299418803,0.09750138153948947,0.306447823527296,0.147547621252806,0.306447823527296,0.0,0.36440929529044636,0.10183946901599271,0.05796147176315036,-0.04570815223681328,0.07381576653977234,3.166973255618637,0.8740821573091306,1.8024684604489214,0.08063633774682584
2.0943951023931953,119.99999999999999,0.39842164345446673,0.09593329923513699,0.309023015321643,0.147547621252806,0.309023015321643,0.0,0.36617794202156706,0.10083486342605716,0.05715492669992406,-0.04671275782674883,0.07381576653977236,3.1357323323644986,0.8428412340549922,1.7773867640362289,0.0796965775201409
2.111848394913139,121.0,0.4000824252789,0.09438093915327024,0.31159820711599007,0.147547621252806,0.31159820711599007,0.0,0.36792917880834286,0.09984448699467226,0.056330971692352794,-0.04770313425813373,0.07381576653977241,3.1049339032142202,0.8120428049047139,1.7517636583972798,0.07877012798712427
2.129301687433082,122.0,0.4017162539533149,0.09284477415780826,0.3141733989103371,0.14754762125280596,0.3141733989103371,0.0,0.3696632566354507,0.09886864140009305,0.05548985772511361,-0.04867897985271291,0.07381576653977238,3.074587349667674,0.7816962513581678,1.725606948578266,0.07785727135327844
2.1467549799530254,123.00000000000001,0.403323416226037,0.09132527217948976,0.3167485907046841,0.147547621252806,0.3167485907046841,0.0,0.3713804317143531,0.09790762389434084,0.054631841009669,-0.04963999735846515,0.07381576653977237,3.0447019155790436,0.7518108172695372,1.6989246021663842,0.07695828568357713
2.1642082724729685,124.0,0.4049042069682362,0.08982289607333716,0.3193237824990311,0.147547621252806,0.3193237824990311,0.0,0.37308096540525343,0.09696172721265747,0.053757182906222334,-0.050585894040148516,0.07381576653977234,3.015286704341059,0.7223956060315526,1.6717247468628307,0.07607344481776397
2.181661564992912,125.00000000000001,0.4064589290841059,0.08833810347766613,0.32189897429337816,0.147547621252806,0.32189897429337816,0.0,0.3747651241374831,0.09603123948433526,0.052866149844104926,-0.05151638176847073,0.07381576653977237,2.9863506761120133,0.693459577802507,1.6440156680070221,0.07520301828693834
2.199114857512855,126.0,0.40798789341859565,0.08687134667468493,0.32447416608772517,0.147547621252806,0.32447416608772517,0.0,0.37643317932834425,0.09511644414495014,0.05195901324061908,-0.052431177107855845,0.07381576653977234,2.9579026450864165,0.6650115467769102,1.6158058060528002,0.07434727123145356
2.2165681500327987,127.00000000000001,0.4094914186627248,0.08542307245272449,0.32704935788207223,0.14754762125280602,0.32704935788207223,0.0,0.3780854073004342,0.09421761985002432,0.051036049418361984,-0.0533300014027817,0.07381576653977241,2.929951276810102,0.6370601785005956,1.5871037539973958,0.07350646432015256
2.234021442552742,128.0,0.410969831256506,0.08399372197014257,0.3296245496764192,0.147547621252806,0.3296245496764192,0.0,0.37972208919747386,0.09333504039014508,0.05009753952105467,-0.05421258086266091,0.0738157665397724,2.902505085540615,0.6096139872311088,1.557918254763902,0.07268085367096558
2.251474735072685,129.0,0.41242346528950835,0.08258373062094261,0.33219974147076614,0.14754762125280596,0.33219974147076614,0.0,0.3813435108986696,0.09246897460756567,0.04914376942790344,-0.05507864664524029,0.07381576653977236,2.8755724316536955,0.5826813333441891,1.5282581985381132,0.07187069077289418
2.2689280275926285,130.0,0.41385266239909096,0.08119352790214843,0.33477493326511326,0.14754762125280596,0.33477493326511326,0.0,0.38294996293163136,0.09161968631431323,0.0481750296665181,-0.05592793493849273,0.07381576653977234,2.849161519096619,0.5562704207871128,1.4981326200604803,0.07107622240940538
2.2863813201125716,131.0,0.4152577716663362,0.07982353728297542,0.33735012505946027,0.147547621252806,0.33735012505946027,0.0,0.3845417403838747,0.09078743421182915,0.047191615324414404,-0.05676018704097684,0.07381576653977237,2.8232803928892,0.5303892945796935,1.467550695874042,0.07029769058325894
2.303834612632515,132.0,0.41663914950971664,0.07847417607583752,0.33992531685380734,0.14754762125280596,0.33992531685380734,0.0,0.38611914281293463,0.089972471812166,0.0461938259591273,-0.05757514944063996,0.0738157665397723,2.7979369366731954,0.5050458383636891,1.4365217415291534,0.06953533244279082
2.321287905152458,133.0,0.4179971595765265,0.07714585530923006,0.34250050864815434,0.14754762125280602,0.34250050864815434,0.0,0.3876824741551179,0.0891750473607655,0.04518196550696357,-0.05837257389204052,0.07381576653977236,2.773138870310878,0.4802477720013716,1.4050552087459014,0.06878938020967579
2.3387411976724017,134.0,0.41933217263211114,0.07583897960252618,0.3450757004425014,0.14754762125280602,0.3450757004425014,0.0,0.38923204263292027,0.08839540376084028,0.04415634219041886,-0.05915221749196574,0.0738157665397724,2.7488937475334834,0.45600264922397704,1.373160682534989,0.06806006110819023
2.356194490192345,135.0,0.42064456644692816,0.07455394704272623,0.34765089223684836,0.147547621252806,0.34765089223684836,0.0,0.39076816066113923,0.08763377849938356,0.04311726842429087,-0.05991384275342243,0.07381576653977238,2.725208953640281,0.4323178553307745,1.3408478782780704,0.06734759729599757
2.3736477827122884,136.0,0.4219347256814752,0.07329114906319623,0.35022608403119543,0.147547621252806,0.35022608403119543,0.0,0.39229114475170984,0.08689040357482793,0.04206506072051441,-0.06065721767797806,0.07381576653977237,2.702091703248927,0.40920060493942056,1.3081266387683415,0.06665220579647671
2.3911010752322315,137.0,0.4232030417691184,0.07205097032443383,0.35280127582554244,0.14754762125280602,0.35280127582554244,0.0,0.3938013154172916,0.08616550542637672,0.04100003959174914,-0.0613821158264293,0.07381576653977238,2.6795490380978357,0.3866579397883294,1.2750069312123375,0.06597409843261494
2.4085543677521746,138.0,0.42444991279685795,0.07083378859689668,0.35537646761988945,0.147547621252806,0.35537646761988945,0.0,0.3952989970736374,0.08545930486502812,0.03992252945374797,-0.06208831638777787,0.07381576653977238,2.6575878249011855,0.3646967265916792,1.2414988441938184,0.06531348176248414
2.426007660272118,139.0,0.4256757433840671,0.06963997464593008,0.35795165941423657,0.147547621252806,0.35795165941423657,0.0,0.39678451794077335,0.08477201700631423,0.038832858526536784,-0.06277560424649176,0.07381576653977234,2.6362147532572586,0.3433236549477523,1.2076125846006833,0.06467055701632161
2.443460952792061,140.0,0.4268809445592411,0.06846989211882827,0.3605268512085835,0.14754762125280596,0.3605268512085835,0.0,0.39825820994301975,0.08410385120477479,0.03773135873443623,-0.06344377004803117,0.07381576653977234,2.6154363336107256,0.32254523530121926,1.1733584745158776,0.06404552003523324
2.4609142453120048,141.0,0.42806593363479395,0.06732389743406382,0.3631020430029306,0.147547621252806,0.3631020430029306,0.0,0.39972040860788377,0.08345501099018557,0.036618365604953185,-0.06409261026262042,0.07381576653977234,2.5952588952694944,0.30236779695998806,1.138746948073153,0.06343856121153826
2.478367537831948,142.0,0.42923113407994096,0.06620233967271924,0.36567723479727754,0.14754762125280596,0.36567723479727754,0.0,0.4011714529638545,0.08282569400556142,0.03549421816657694,-0.06472192724724454,0.07381576653977236,2.575688584476748,0.28279748616724154,1.10378854827876,0.06284986543077417
2.4958208303518914,143.0,0.4303769753917061,0.06510556047215336,0.3682524265916246,0.14754762125280596,0.3682524265916246,0.0,0.40261168543713144,0.08221609194695215,0.034359258845506835,-0.06533152930585381,0.07381576653977234,2.5567313625387342,0.2638402642292279,1.068493923799918,0.06227961201537857
2.5132741228718345,144.0,0.4315038929640927,0.0640338939219355,0.3708276183859716,0.147547621252806,0.3708276183859716,0.0,0.4040414517473184,0.08162639050505019,0.03321383336134681,-0.0659212307477558,0.07381576653977237,2.5383930040089,0.24550190569939367,1.032873825721155,0.06172797467006601
2.530727415391778,145.0,0.4326123279554585,0.06298766646207819,0.3734028101803187,0.147547621252806,0.3734028101803187,0.0,0.40546110080211395,0.08105676930862728,0.03205829062179527,-0.06649085194417871,0.07381576653977238,2.520679094928899,0.22778799661939253,0.996939104269403,0.061195121428915644
2.548180707911721,146.0,0.43370272715413455,0.06196719678360088,0.3759780019746657,0.147547621252806,0.3759780019746657,0.0,0.40687098459103044,0.08050740186981793,0.03089298261636475,-0.06704021938298806,0.0738157665397724,2.5035950311270376,0.2107039328175313,0.9607007055089263,0.06068121460418661
2.5656340004316642,147.0,0.43477554284232894,0.06097279573145305,0.3785531937690127,0.147547621252806,0.3785531937690127,0.0,0.4082714580781749,0.07997845553126583,0.02971826430916219,-0.06756916572154016,0.07381576653977238,2.4871460165746457,0.1942549182651394,0.9241696680070333,0.060186410736876084
2.5830872929516078,148.0,0.43583123265835744,0.060004766209828184,0.3811283855633597,0.14754762125280602,0.3811283855633597,0.0,0.4096628790941234,0.07947009141514971,0.028534493530763705,-0.0680775298376563,0.07381576653977238,2.471337061800902,0.17844596349139552,0.8873571194716307,0.05971086054903529
2.600540585471551,149.0,0.43687025945724245,0.059063403089896105,0.38370357735770666,0.14754762125280596,0.38370357735770666,0.0,0.41104560822692265,0.07898246437410397,0.027342030869215994,-0.06856515687870199,0.07381576653977234,2.4561729823665734,0.16328188405706712,0.8502742733616184,0.05925470889785818
2.6179938779914944,150.0,0.4378930911697228,0.058148993119982284,0.3862787691520538,0.147547621252806,0.3862787691520538,0.0,0.4124200087122511,0.07851572294404909,0.026141239560197316,-0.0690318983087569,0.07381576653977238,2.441658397397156,0.14876729908764963,0.8129324254711482,0.058818094731556574
2.6354471705114375,151.0,0.43890020065971735,0.05726181483822172,0.3888539609464008,0.147547621252806,0.3888539609464008,0.0,0.4137864463227735,0.07807000929894606,0.024932485376372715,-0.06947761195385993,0.07381576653977238,2.427797728175835,0.13490662986632884,0.775342950488826,0.058401151047035096
2.652900463031381,152.0,0.43989206558028643,0.05640213848771325,0.39142915274074785,0.147547621252806,0.39142915274074785,0.0,0.41514528925672395,0.0776454592074889,0.023716136515976094,-0.06990216204531709,0.0738157665397724,2.414595196796728,0.12170409848722175,0.73751729853287,0.05800400484937908
2.670353755551324,153.0,0.44086916822813377,0.055570225934201176,0.39400434453509486,0.147547621252806,0.39400434453509486,0.0,0.4164969080257481,0.07724220199174822,0.02249256349065326,-0.07030541926105777,0.07381576653977238,2.4020548248787894,0.10916372656928308,0.6994669916632881,0.05762677711316759
2.6878070480712677,154.0,0.4418319953966945,0.05476633058630816,0.39657953632944193,0.147547621252806,0.39657953632944193,0.0,0.41784167534204275,0.07686036048777835,0.021262139012600823,-0.07068726076502764,0.07381576653977237,2.3901804323407854,0.09728933403127904,0.6612036203721567,0.05726958274562331
2.705260340591211,155.0,0.44278103822785286,0.053990697318344716,0.3991547281237889,0.14754762125280602,0.3991547281237889,0.0,0.41917996600482305,0.07650005100820036,0.020025237881034164,-0.07104757024460566,0.07381576653977238,2.378975636237713,0.08608453792820647,0.6227388400530363,0.05693253055161087
2.722713633111154,156.0,0.44371679206233605,0.053243562395717994,0.4017299199181359,0.147547621252806,0.4017299199181359,0.0,0.42051215678615617,0.07616138330677218,0.018782236868020274,-0.07138623794603381,0.07381576653977237,2.3684438496590094,0.07555275134950312,0.5840843674506342,0.05661572320049367
2.7401669256310974,157.0,0.4446397562888281,0.05252515340296303,0.40430511171248296,0.14754762125280596,0.40430511171248296,0.0,0.42183862631619157,0.0758444605449563,0.01753351460370861,-0.07170316070784966,0.07381576653977237,2.3585882806888883,0.06569718237938194,0.5452519770917494,0.05631925719485977
2.7576202181510405,158.0,0.44555043419185175,0.051835689174418484,0.40688030350682997,0.14754762125280602,0.40688030350682997,0.0,0.4231597549678277,0.07554937926049622,0.01627945146099774,-0.0719982419923098,0.0738157665397724,2.3494119314291337,0.05652083311962741,0.5062534976986696,0.056043222841126485
2.775073510670984,159.0,0.4464493327984628,0.051175379727567305,0.409455495301177,0.14754762125280602,0.409455495301177,0.0,0.4244759247408463,0.07527622933800962,0.015020429439669303,-0.0722713919147964,0.0738157665397724,2.3409175970846223,0.048026498775116,0.46710080858600417,0.05578770422203195
2.792526803190927,160.0,0.44733696272380474,0.05054442619906359,0.412030687095524,0.147547621252806,0.412030687095524,0.0,0.4257875191455513,0.07502509398160892,0.013756832050027312,-0.07252252727119707,0.07381576653977238,2.3331078651118804,0.04021676680237407,0.42780583604213446,0.05555277917102276
2.8099800957108707,161.0,0.4482138380155708,0.04994302078346427,0.41460587888987105,0.14754762125280602,0.41460587888987105,0.0,0.4270949230859484,0.07479604968955655,0.012489044196077326,-0.07275157156324946,0.07381576653977238,2.325985114430923,0.033094016121416825,0.38838054969635394,0.055338519248545284
2.827433388230814,162.0,0.44908047599741957,0.04937134667468493,0.41718107068421806,0.14754762125280602,0.41718107068421806,0.0,0.4283985227424994,0.07458916623096264,0.01121745205828134,-0.07295845502184338,0.07381576653977241,2.319551514700607,0.02666041639110084,0.34883695887281574,0.055144989720247464
2.8448866807507573,163.0,0.44993739711139347,0.048829578010196995,0.4197562624785651,0.147547621252806,0.4197562624785651,0.0,0.4296987054544876,0.0744045066245328,0.00994244297592245,-0.07314311462827319,0.07381576653977238,2.313809025657734,0.02091792734822784,0.30918710893234364,0.05497224953709838
2.8623399732707004,164.0,0.4507851247593869,0.04831787981798394,0.4223314542729121,0.14754762125280602,0.4223314542729121,0.0,0.43099585960203063,0.07424212711937202,0.008664405329118552,-0.073305494133434,0.07381576653977241,2.3087593965200957,0.015868298210589327,0.26944307760333003,0.05482035131743123
2.8797932657906435,165.0,0.4516241851437134,0.04783640796627202,0.42490664606725914,0.147547621252806,0.42490664606725914,0.0,0.4322903744877765,0.07410207717785053,0.007383728420517377,-0.07344554407495546,0.07381576653977238,2.3044041654536427,0.011513067144136357,0.2296169713027233,0.05468934133091514
2.897246558310587,166.0,0.4524551071068185,0.04738530911605138,0.4274818378616062,0.14754762125280596,0.4274818378616062,0.0,0.4335826402183176,0.07398439946053724,0.006100802356711399,-0.07356322179226872,0.07381576653977234,2.3007446591039495,0.007853560794443215,0.1897209214483041,0.05457925948446114
2.91469985083053,167.0,0.45327842197018997,0.0469647206764017,0.43005702965595316,0.147547621252806,0.43005702965595316,0.0,0.43487304758536105,0.07388912981320479,0.00481601792940789,-0.0736584914396012,0.07381576653977238,2.297781992192099,0.004890893882592895,0.14976708076334777,0.05449013931006608
2.9321531433504737,168.0,0.454094663372512,0.046574770762636025,0.4326322214503002,0.14754762125280596,0.4326322214503002,0.0,0.4361619879466894,0.07381629725591068,0.0035297664963891973,-0.07373132399689528,0.07381576653977236,2.295517067175134,0.0026259688656278257,0.10976761957476236,0.054422007954598325
2.949606435870417,169.0,0.4549043671071131,0.04621557815727563,0.43520741324464723,0.14754762125280596,0.43520741324464723,0.0,0.43744985310694945,0.0737659239741574,0.0022424398623022146,-0.07378169727864856,0.07381576653977237,2.293950573971155,0.0010594756616488787,0.0697347221059156,0.054374886171528865
2.9670597283903604,170.0,0.455708070958759,0.04588725227386768,0.4377826050389943,0.14754762125280602,0.4377826050389943,0.0,0.43873703519830437,0.07373802531213457,0.0009544301593100712,-0.07380959594067145,0.07381576653977241,2.2930829897491676,0.00019189143966125144,0.029680582765176808,0.05434878831460925
2.9845130209103035,171.0,0.45650631453983787,0.04558989312365683,0.4403577968333413,0.14754762125280602,0.4403577968333413,0.0,0.44002392656098693,0.07373260976804485,-0.00033387027235437516,-0.07381501148476116,0.07381576653977241,2.292914578783729,2.3480474222736802e-05,-0.010382597568594654,0.054343722333499475
3.001966313430247,172.0,0.45729963912598914,0.045323591285120784,0.44293298862768843,0.14754762125280596,0.44293298862768843,0.0,0.4413109196237889,0.07374967899151547,-0.0016220690038995511,-0.0737979422612905,0.07381576653977236,2.293445392374451,0.0005542940649445605,-0.05044261526256708,0.054359689771346524
3.01941960595019,173.0,0.45808858749122566,0.04508842787637933,0.4455081804220353,0.147547621252806,0.4455081804220353,0.0,0.4425984067845225,0.07378922778309562,-0.0029097736375128247,-0.07375839346971037,0.07381576653977237,2.294675268830373,0.001784170520866546,-0.09048726764728258,0.054396685764314126
3.036872898470133,174.0,0.4588737037425999,0.044884474530484816,0.44808337221638234,0.14754762125280596,0.44808337221638234,0.0,0.44388678029049383,0.0738512440958402,-0.004196591925888504,-0.07369637715696577,0.07381576653977237,2.2966038335192103,0.0037127352097039434,-0.13050435673370298,0.054454699043064395
3.0543261909900767,175.0,0.4596555331544629,0.04471179337360216,0.4506585640107294,0.14754762125280602,0.4506585640107294,0.0,0.44517643211901914,0.07393570903897967,-0.005482131891710262,-0.07361191221382635,0.0738157665397724,2.2992304989814785,0.00633940067197214,-0.17048169292883827,0.05453371193619072
3.07177948351002,176.0,0.4604346220023691,0.044570437006084554,0.4532337558050764,0.14754762125280602,0.4532337558050764,0.0,0.4464677538580253,0.07404259688367404,-0.006766001947051126,-0.07350502436913198,0.07381576653977243,2.3025544651094307,0.009663366799924411,-0.21040709874881183,0.05463370037560037
3.0892327760299634,177.0,0.4612115173966754,0.044460448486450865,0.4558089475994235,0.147547621252806,0.4558089475994235,0.0,0.4477611365867683,0.07417187507085043,-0.00804781101265517,-0.07337574618195555,0.07381576653977238,2.306574719390786,0.013683621081279629,-0.2502684125282468,0.05475463390384609
3.1066860685499065,178.0,0.46198676711588543,0.04438186131826968,0.4583841393937705,0.147547621252806,0.4583841393937705,0.0,0.4490569707567065,0.07432350422112066,-0.00932716863706401,-0.07322411703168533,0.07381576653977238,2.3112900372171445,0.018398938907638218,-0.2900534921248255,0.05489647568340372
3.12413936106985,179.0,0.4627609194397919,0.04433469943995372,0.46095933118811755,0.147547621252806,0.46095933118811755,0.0,0.4503556460725659,0.07449743814677667,-0.010603685115551653,-0.07305018310602931,0.0738157665397724,2.3166989822570176,0.02380788394751132,-0.3297502186178907,0.05505918250789312
3.141592653589793,180.0,0.4635345229824645,0.04431897721746797,0.4635345229824645,0.147547621252806,0.4635345229824645,0.0,0.45165755137363167,0.07469362386585982,-0.011876971608832831,-0.07285399738694617,0.07381576653977238,2.322799906893349,0.029908808583842816,-0.3693465000000008,0.05524270481523937
3.1590459461097367,181.0,0.4643081265251372,0.04433469943995372,0.46610971477681157,0.147547621252806,0.46610971477681157,0.0,0.4529630745153044,0.07491200161829954,-0.013146640261507192,-0.07263561963450645,0.07381576653977238,2.329590952725394,0.036699854415887856,-0.4088302748602723,0.05544698670276984
3.1764992386296798,182.0,0.4650822788490437,0.04438186131826968,0.4686849065711586,0.147547621252806,0.4686849065711586,0.0,0.4542726022509551,0.07515250488411697,-0.014412304320203462,-0.07239511636868902,0.07381576653977238,2.3370700511348046,0.04417895282529827,-0.4481895160583913,0.055671965944242674
3.193952531149623,183.0,0.46585752856825374,0.044460448486450865,0.4712600983655056,0.147547621252806,0.4712600983655056,0.0,0.4555865201141168,0.07541506040368755,-0.015673578251388764,-0.07213256084911844,0.07381576653977238,2.3452349239157546,0.052343825606248284,-0.48741223438821246,0.05591757400880147
3.2114058236695664,184.0,0.46663442396255994,0.044570437006084554,0.47383529015985265,0.14754762125280602,0.47383529015985265,0.0,0.4569052123010473,0.07569958820005658,-0.016930077858805348,-0.07184803305274944,0.07381576653977243,2.3540830839689,0.061191985659393655,-0.5264864822297712,0.05618373608185056
3.2288591161895095,185.0,0.4674135128104661,0.04471179337360216,0.4764104819541996,0.14754762125280602,0.4764104819541996,0.0,0.45822906155369886,0.07600600160330101,-0.018181420400500747,-0.071541619649505,0.07381576653977243,2.363611836058974,0.07072073774946785,-0.5654003571886522,0.05647037108784406
3.246312408709453,186.0,0.46819534222232917,0.044884474530484816,0.47898567374854667,0.14754762125280596,0.47898567374854667,0.0,0.459558449043132,0.07633420727692988,-0.019427224705414692,-0.07121341397587608,0.07381576653977236,2.373818277635783,0.08092717932627647,-0.6041420057215746,0.05677739171498244
3.263765701229396,187.0,0.46898045847370334,0.04508842787637932,0.4815608655428937,0.14754762125280602,0.4815608655428937,0.0,0.46089375425340595,0.07668410524631566,-0.020667111289487727,-0.07086351600649035,0.07381576653977243,2.3846992997183514,0.09180820140884505,-0.6426996267471027,0.0571047044418086
3.2812189937493397,188.0,0.46976940683894,0.0453235912851208,0.48413605733724074,0.147547621252806,0.48413605733724074,0.0,0.4622353548659856,0.07705558892914732,-0.02190070247125514,-0.07049203232365867,0.07381576653977237,2.3962515878419453,0.10336048953243893,-0.6810614752403511,0.05745220956569509
3.2986722862692828,189.0,0.47056273142509125,0.04558989312365681,0.48671124913158775,0.147547621252806,0.48671124913158775,0.0,0.46358362664469477,0.07744854516789637,-0.023127622486892985,-0.07009907608490962,0.07381576653977243,2.4084716230676917,0.11558052475818537,-0.7192158658106521,0.057819801233214854
3.3161255787892263,190.0,0.47136097500617014,0.04588725227386768,0.4892864409259348,0.14754762125280602,0.4892864409259348,0.0,0.4649389433212559,0.07786285426428594,-0.024347497604678914,-0.06968476698852008,0.0738157665397724,2.421355683054485,0.1284645847449788,-0.7571511762610236,0.058207367472385065
3.3335788713091694,191.0,0.47216467885781604,0.04621557815727563,0.4918616327202818,0.14754762125280602,0.4918616327202818,0.0,0.4663016764814468,0.07829839001575167,-0.025559956238835002,-0.06924923123705434,0.0738157665397724,2.4348998431928415,0.14200874488333515,-0.7948558511284194,0.05861479022677478
3.351032163829113,192.00000000000003,0.47297438259241714,0.04657477076263604,0.4944368245146289,0.147547621252806,0.4944368245146289,0.0,0.46767219545191285,0.0787550197538846,-0.02676462906271604,-0.06879260149892139,0.07381576653977243,2.449099977800378,0.1562088794908716,-0.8323184052036248,0.05904194539146622
3.368485456349056,193.0,0.47379062399473904,0.0469647206764017,0.49701201630897585,0.147547621252806,0.49701201630897585,0.0,0.4690508671876663,0.07923260438484298,-0.027961149121309536,-0.06831501686796301,0.07381576653977238,2.463951761378532,0.17106066306902568,-0.8695274270297477,0.059488702850858305
3.385938748868999,194.0,0.4746139388581106,0.04738530911605138,0.49958720810332286,0.14754762125280602,0.49958720810332286,0.0,0.4704380561603078,0.07973099843172178,-0.02914915194301504,-0.06781662282108424,0.07381576653977238,2.479450669930155,0.1865595716206485,-0.906471582378299,0.05995492651830106
3.4033920413889427,195.0,0.4754448608212156,0.047836407966272004,0.5021623998976699,0.14754762125280596,0.5021623998976699,0.0,0.4718341242470052,0.08025005007886622,-0.03032827565066465,-0.06729757117393974,0.0738157665397724,2.4955919823375585,0.2027008840280522,-0.9431396177016742,0.06044047437754897
3.420845333908886,196.0,0.47628392120554214,0.04831787981798394,0.5047375916920169,0.14754762125280602,0.5047375916920169,0.0,0.4732394306202626,0.08078960121811651,-0.03149816107175435,-0.0667580200346895,0.07381576653977243,2.5123707818006222,0.2194796834911159,-0.9795203635610954,0.060945198526020476
3.4382986264288293,197.0,0.47713164885353565,0.04882957801019701,0.507312783486364,0.14754762125280602,0.507312783486364,0.0,0.47465433163851195,0.0813494874969688,-0.032658451847852044,-0.06619813375583722,0.07381576653977243,2.529781957334487,0.23689085902498075,-1.0156027380289487,0.06146894521985062
3.4557519189487724,198.0,0.4779885699675095,0.049371346674684916,0.509887975280711,0.147547621252806,0.509887975280711,0.0,0.4760791807375636,0.08192953836863882,-0.033808794543147336,-0.06561808288416716,0.07381576653977238,2.54782020532642,0.25492910701691374,-1.0513757500644332,0.062011554920722765
3.473205211468716,199.0,0.4788552079493582,0.049943020783464284,0.512463167075058,0.14754762125280602,0.512463167075058,0.0,0.47751432832294627,0.08252957714401205,-0.034948838752111744,-0.06501804410879397,0.07381576653977243,2.566480031151344,0.2735889328418377,-1.0868285028615456,0.06257286234446574
3.490658503988659,200.0,0.4797320832411243,0.050544426199063575,0.5150383588694051,0.14754762125280596,0.5150383588694051,0.0,0.47896012166317,0.08314942104546472,-0.0360782372062351,-0.06439820020734124,0.07381576653977233,2.5857557508455487,0.2928646525360423,-1.1219501971683374,0.06315269651140062
3.5081117965086026,201.00000000000003,0.48061971316646634,0.051175379727567305,0.5176135506637521,0.147547621252806,0.5176135506637521,0.0,0.4804169047839443,0.08378888126253993,-0.037196645879807866,-0.06375873999026606,0.07381576653977238,2.6056414928380884,0.3127503945285821,-1.1567301345765013,0.06375088079842335
3.5255650890285457,202.0,0.4815186117730773,0.05183568917441847,0.5201887424580991,0.147547621252806,0.5201887424580991,0.0,0.48188501836338554,0.08444776300946094,-0.038303724094713554,-0.06309985824334505,0.07381576653977238,2.626131199739314,0.33324010142980764,-1.191157720780174,0.06436723299280521
3.543018381548489,203.0,0.4824292896761009,0.05252515340296303,0.522763934252446,0.147547621252806,0.522763934252446,0.0,0.4833647996282425,0.08512586558446493,-0.039399134624203525,-0.06242175566834106,0.0738157665397724,2.6472186301860154,0.3543275318765091,-1.2252224688030942,0.0650015653476971
3.5604716740684323,204.0,0.483352253902593,0.05324356239571798,0.5253391260467931,0.14754762125280602,0.5253391260467931,0.0,0.4848565822511741,0.08582298243093864,-0.040482543795619,-0.06172463882186738,0.07381576653977243,2.668897360742601,0.37600626243309465,-1.2589140021930212,0.06565368463931888
3.5779249665883754,205.0,0.4842880077370762,0.0539906973183447,0.5279143178411402,0.147547621252806,0.5279143178411402,0.0,0.48636069624910905,0.08653890120033746,-0.04155362159203113,-0.06100872005246853,0.07381576653977247,2.6911607878577346,0.3982696895482283,-1.2922220581825068,0.06632339222581696
3.595378259108319,206.0,0.48523705056823463,0.05476633058630817,0.5304895096354872,0.14754762125280602,0.5304895096354872,0.0,0.48787746788271996,0.08727340381686907,-0.04261204175276728,-0.060274217435936944,0.07381576653977243,2.71400212987585,0.42111103156634355,-1.3251364908150314,0.06701048410777304
3.612831551628262,207.0,0.4861998777367953,0.05557022593420116,0.5330647014298342,0.14754762125280602,0.5330647014298342,0.0,0.4894072195570407,0.08802626654392105,-0.0436574818727935,-0.05952135470888496,0.0738157665397725,2.7374144291028943,0.444523330793388,-1.3576472740355707,0.06771475099034377
3.6302848441482056,208.0,0.4871769803846427,0.05640213848771326,0.5356398932241813,0.14754762125280602,0.5356398932241813,0.0,0.4909502697232597,0.0887972600522137,-0.04468962350092154,-0.05875036120059232,0.0738157665397724,2.7613905539257266,0.4684994556162203,-1.389744504744608,0.06843597834701436
3.6477381366681487,209.0,0.4881688453052117,0.05726181483822171,0.5382150850185282,0.14754762125280596,0.5382150850185282,0.0,0.4925069327817149,0.08958614948965556,-0.04570815223681329,-0.057961471763150405,0.0738157665397724,2.7859232009844623,0.493032102674956,-1.421418405814749,0.06917394648494528
3.6651914291880923,210.00000000000003,0.48917595479520626,0.0581489931199823,0.5407902768128753,0.14754762125280602,0.5407902768128753,0.0,0.49407751898612645,0.09039269455288189,-0.04671275782674883,-0.05715492669992413,0.07381576653977241,2.8110048973971558,0.5181137990876494,-1.4526593290688874,0.06992843061189287
3.6826447217080354,211.0,0.4901987865076866,0.05906340308989609,0.5433654686072223,0.14754762125280596,0.5433654686072223,0.0,0.4956623343490886,0.09121664956045321,-0.04770313425813377,-0.05633097169235275,0.0738157665397724,2.836628003036106,0.5437369047265999,-1.483457758219167,0.07069920090468317
3.7000980142279785,212.0,0.49123781330657157,0.06000476620982817,0.5459406604015693,0.147547621252806,0.5459406604015693,0.0,0.49726168054885633,0.09205776352769242,-0.04867897985271297,-0.05548985772511357,0.07381576653977238,2.862784712855121,0.5698936145456148,-1.5138043117657123,0.07148602257921843
3.717551306747922,213.0,0.4922935031226001,0.06097279573145305,0.5485158521959164,0.147547621252806,0.5485158521959164,0.0,0.4988758548374513,0.09291578024313697,-0.04963999735846508,-0.054631841009669016,0.07381576653977234,2.8894670592670013,0.596575960957495,-1.54368974585434,0.07228865596199448
3.735004599267865,214.0,0.49336631881079446,0.06196719678360087,0.5510910439902633,0.14754762125280602,0.5510910439902633,0.0,0.5005051499501149,0.09379043834658364,-0.05058589404014846,-0.053757182906222375,0.07381576653977234,2.9166669145705546,0.6237758162610483,-1.573104957092325,0.07310685656310756
3.7524578917878086,215.0,0.49445671800947055,0.0629876664620782,0.5536662357846104,0.14754762125280602,0.5536662357846104,0.0,0.5021498540161397,0.09468147140870103,-0.05151638176847073,-0.05286614984410498,0.07381576653977241,2.944375993426363,0.6514848951168566,-1.6020409853213726,0.07394037515072854
3.7699111843077517,216.0,0.4955651530008364,0.06403389392193548,0.5562414275789574,0.14754762125280602,0.5562414275789574,0.0,0.5038102504711016,0.09558860801218687,-0.05243117710785583,-0.05195901324061915,0.07381576653977238,2.972585855380584,0.6796947570710778,-1.6304890163469685,0.07478895782702119
3.7873644768276953,217.0,0.496692070573223,0.06510556047215338,0.5588166193733045,0.147547621252806,0.5588166193733045,0.0,0.5054866179705229,0.09651157183444402,-0.05333000140278166,-0.05103604941836197,0.07381576653977237,3.0012879074359904,0.7083968091264841,-1.6584403846232836,0.07565234610548183
3.8048177693476384,218.0,0.49783791188498805,0.06620233967271923,0.5613918111676515,0.147547621252806,0.5613918111676515,0.0,0.5071792303049906,0.09745008173175135,-0.0542125808626609,-0.05009753952105464,0.07381576653977237,3.0304734066694845,0.7375823083599782,-1.6858865758927701,0.07653027698967706
3.822271061867582,219.00000000000003,0.4990031123301351,0.06732389743406383,0.5639670029619985,0.14754762125280596,0.5639670029619985,0.0,0.5088883563167581,0.09840385182490255,-0.055078646645240426,-0.04914376942790341,0.07381576653977244,3.0601334628952728,0.7672423645857664,-1.7128192297796936,0.07742248305335482
3.839724354387525,220.0,0.5001881014056879,0.06846989211882827,0.5665421947563455,0.14754762125280602,0.5665421947563455,0.0,0.5106142598178527,0.09937259158628786,-0.055927934938492796,-0.048175029666518154,0.07381576653977243,3.0902590413729047,0.7973679430633984,-1.7392301423367678,0.07832869252190518
3.857177646907468,221.0,0.501393302580862,0.06963997464593007,0.5691173865506925,0.147547621252806,0.5691173865506925,0.0,0.5123571995097156,0.10035600592839158,-0.05676018704097696,-0.047191615324414404,0.07381576653977247,3.1208409655593434,0.8279498672498371,-1.7651112685441896,0.07924862935514528
3.8746309394274117,222.0,0.5026191331680712,0.07083378859689667,0.5716925783450396,0.147547621252806,0.5716925783450396,0.0,0.5141174289043996,0.10135379529367858,-0.05757514944064002,-0.04619382595912741,0.07381576653977241,3.151869919904229,0.8589788215947225,-1.7904547247601914,0.08018201333140414
3.8920842319473548,223.0,0.5038660041958106,0.07205097032443382,0.5742677701393866,0.14754762125280602,0.5742677701393866,0.0,0.5158951962473459,0.10236565574584236,-0.05837257389204065,-0.045181965506963656,0.07381576653977251,3.1833364526874828,0.8904453543779765,-1.815252791122513,0.08112856013288067
3.9095375244672983,224.0,0.5051343202834538,0.07329114906319625,0.5768429619337336,0.14754762125280602,0.5768429619337336,0.0,0.5176907444417679,0.1033912790623871,-0.05915221749196575,-0.04415634219041892,0.07381576653977244,3.215230978898396,0.9223398805888898,-1.8394979138999037,0.0820879814322498
3.9269908169872414,225.0,0.506424479518001,0.0745539470427262,0.5794181537280807,0.14754762125280596,0.5794181537280807,0.0,0.5195043109746582,0.1044303528285151,-0.059913842753422486,-0.04311726842429087,0.07381576653977243,3.2475437831553147,0.9546526848458083,-1.863182707793107,0.08305998498048954
3.944444109507185,226.0,0.507736873332818,0.0758389796025262,0.5819933455224278,0.14754762125280596,0.5819933455224278,0.0,0.5213361278444497,0.10548256053229152,-0.06065721767797805,-0.04206506072051444,0.07381576653977238,3.2802650226650427,0.9873739243555364,-1.8862999581844584,0.08404427469590314
3.961897402027128,227.0,0.5090718863884025,0.07714585530923003,0.5845685373167746,0.147547621252806,0.5845685373167746,0.0,0.5231864214903453,0.1065475816610568,-0.06138211582642927,-0.04100003959174919,0.07381576653977238,3.3133847302210464,1.02049363191154,-1.90884262333555,0.08504055075430822
3.9793506945470716,228.00000000000003,0.5104298964552124,0.07847417607583754,0.5871437291111218,0.14754762125280596,0.5871437291111218,0.0,0.5250554127233438,0.10762509179905806,-0.06208831638777801,-0.0399225294537479,0.07381576653977247,3.3468928172395684,1.0540017189300621,-1.9308038365322047,0.08604850968036631
3.9968039870670147,229.0,0.5118112742985929,0.07982353728297541,0.5897189209054687,0.147547621252806,0.5897189209054687,0.0,0.526943316658977,0.1087147627262691,-0.06277560424649176,-0.03883285852653688,0.0738157665397724,3.3807790768326997,1.0878879785231934,-1.952176908176127,0.08706784444002413
4.014257279586958,230.0,0.5132163835658381,0.08119352790214841,0.5922941126998158,0.14754762125280602,0.5922941126998158,0.0,0.5288503426517845,0.1098162625183697,-0.06344377004803126,-0.03773135873443631,0.07381576653977247,3.4150331869175066,1.1221420886080002,-1.972955327822662,0.08809824453403942
4.031710572106901,230.99999999999997,0.5146455806754207,0.08258373062094256,0.5948693044941628,0.14754762125280602,0.5948693044941628,0.0,0.5307766942315424,0.11092925564785268,-0.06409261026262036,-0.03661836560495334,0.07381576653977237,3.449644713360229,1.1567536150507225,-1.9931327661638898,0.0891393960925618
4.049163864626845,232.00000000000003,0.5160992147084231,0.08399372197014258,0.5974444962885099,0.147547621252806,0.5974444962885099,0.0,0.5327225690412654,0.11205340308622903,-0.06472192724724457,-0.035494218166576955,0.07381576653977238,3.4846031131546256,1.1917120148451192,-2.012703076956638,0.09019098197074078
4.066617157146788,233.0,0.5175776273022042,0.08542307245272449,0.6000196880828569,0.14754762125280596,0.6000196880828569,0.0,0.534688158777003,0.11318836240729911,-0.06533152930585384,-0.03435925884550685,0.07381576653977238,3.519897737633466,1.2270066393239598,-2.0316602988946513,0.09125268184533078
4.084070449666731,234.0,0.5190811525463334,0.08687134667468491,0.6025948798772038,0.147547621252806,0.6025948798772038,0.0,0.5366736491294479,0.11433378789145913,-0.06592123074775591,-0.03321383336134685,0.0738157665397725,3.5555178357122297,1.2626267374027234,-2.0499986574244895,0.09232417231226515
4.101523742186674,235.0,0.5206101168808231,0.0883381034776661,0.6051700716715509,0.147547621252806,0.6051700716715509,0.0,0.5386792197273722,0.11548933063101068,-0.0664908519441787,-0.03205829062179531,0.0738157665397724,3.5914525571639815,1.2985614588544752,-2.067712566504486,0.09340512698516795
4.118977034706618,236.00000000000003,0.5221648389966929,0.08982289607333716,0.607745263465898,0.147547621252806,0.607745263465898,0.0,0.5407050440829099,0.11665463863644127,-0.0670402193829881,-0.030892982616364723,0.07381576653977243,3.6276909559244603,1.334799857614954,-2.084796630306349,0.09449521659477433
4.136430327226561,237.00000000000003,0.523745629738892,0.09132527217948977,0.610320455260245,0.14754762125280602,0.610320455260245,0.0,0.5427512895387048,0.11782935694364383,-0.06756916572154026,-0.02971826430916219,0.07381576653977248,3.6642219934263536,1.3713308951168472,-2.101245644858743,0.09559410908922926
4.153883619746504,238.0,0.5253527920116142,0.09284477415780823,0.612895647054592,0.147547621252806,0.612895647054592,0.0,0.5448181172169357,0.1190131277220422,-0.06807752983765625,-0.028534493530763788,0.07381576653977237,3.7010345419617527,1.4081434436522464,-2.117054599632483,0.09670146973523365
4.171336912266447,239.0,0.5269866206860291,0.09438093915327023,0.6154708388489389,0.147547621252806,0.6154708388489389,0.0,0.5469056819702369,0.12020559038358992,-0.06856515687870202,-0.027342030869216064,0.0738157665397724,3.7381173880717653,1.445226289762259,-2.132218679066812,0.0978169612200076
4.1887902047863905,239.99999999999997,0.5286474025104624,0.09593329923513694,0.618046030643286,0.147547621252806,0.618046030643286,0.0,0.5490141323345291,0.1214063816926086,-0.06903189830875689,-0.026141239560197385,0.07381576653977238,3.775459235962235,1.4825681376527289,-2.1467332640362295,0.09894024375403879
4.2062434973063345,241.00000000000003,0.5303354160230488,0.09750138153948948,0.6206212224376331,0.147547621252806,0.6206212224376331,0.0,0.551143610483773,0.12261513587643325,-0.06947761195386004,-0.024932485376372743,0.0738157665397725,3.813048710944559,1.5201576126350527,-2.160593933257554,0.10007097517458594
4.223696789826278,242.0,0.5320509314668874,0.09908470841326743,0.6231964142319801,0.147547621252806,0.6231964142319801,0.0,0.5532942521866631,0.12383148473682992,-0.06990216204531707,-0.023716136515976066,0.07381576653977238,3.850874362900517,1.5579832645910106,-2.1737964646366574,0.10120881104990459
4.241150082346221,243.0,0.5337942107077223,0.10068279755976708,0.6257716060263271,0.147547621252806,0.6257716060263271,0.0,0.5554661867652693,0.1250550577621527,-0.07030541926105782,-0.02249256349065329,0.07381576653977245,3.888924669770097,1.5960335714605907,-2.1863368365545983,0.10235340478416474
4.258603374866164,244.0,0.5355655071541764,0.10229516218555337,0.6283467978206742,0.147547621252806,0.6283467978206742,0.0,0.5576595370556465,0.12628548224020508,-0.07068726076502763,-0.021262139012600906,0.07381576653977238,3.9271880410612265,1.6342969427517202,-2.1982112290926,0.10350440772302691
4.276056667386108,245.00000000000003,0.53736506568056,0.10392131114874203,0.6309219896150213,0.14754762125280596,0.6309219896150213,0.0,0.5598744193704155,0.12752238337177174,-0.07104757024460584,-0.02002523788103422,0.07381576653977258,3.965652821380347,1.6727617230708405,-2.2094160251956794,0.10466146925984612
4.293509959906051,246.00000000000003,0.5391931225522801,0.10556074910860588,0.6334971814093682,0.14754762125280602,0.6334971814093682,0.0,0.5621109434633342,0.12876538438478574,-0.07138623794603394,-0.018782236868020274,0.07381576653977248,4.004307293982753,1.7114161956732463,-2.21994781177438,0.10582423694246929
4.310963252425994,247.0,0.5410499053538723,0.10721297667646082,0.6360723732037152,0.147547621252806,0.6360723732037152,0.0,0.5643692124958655,0.13001410664909735,-0.07170316070784977,-0.01753351460370864,0.07381576653977248,4.043139684341636,1.7502485860321295,-2.2298033807445004,0.10699235658059637
4.328416544945937,248.0,0.5429356329196747,0.10887749056778417,0.6386475649980622,0.147547621252806,0.6386475649980622,0.0,0.5666493230057524,0.13126816979180822,-0.07199824199230975,-0.016279451460997768,0.07381576653977237,4.082138163734715,1.7892470654252088,-2.2389797300042513,0.10816547235366983
4.34586983746588,248.99999999999997,0.5448505152671705,0.11055378375552016,0.6412227567924093,0.147547621252806,0.6412227567924093,0.0,0.5689513648776128,0.13252719181313669,-0.07227139191479648,-0.015020429439669303,0.07381576653977248,4.121290852847381,1.828399754537875,-2.247474064348767,0.10934322691926106
4.363323129985824,250.00000000000003,0.5467947535330139,0.11224134562452526,0.6437979485867563,0.147547621252806,0.6437979485867563,0.0,0.5712754213155592,0.1337907892027787,-0.07252252727119712,-0.013756832050027284,0.07381576653977244,4.160585825391252,1.867694727081746,-2.2552837963215073,0.11052526152192005
4.380776422505767,251.0,0.5487685399117617,0.11393966212710621,0.6463731403811034,0.147547621252806,0.6463731403811034,0.0,0.573621568817854,0.13505857705672852,-0.0727515715632494,-0.012489044196077465,0.07381576653977236,4.200011111737028,1.9071200134275212,-2.2624065470024615,0.11171121610245618
4.39822971502571,252.0,0.5507720575973293,0.11564821593960448,0.6489483321754503,0.147547621252806,0.6489483321754503,0.0,0.5759898771536069,0.13633016919452456,-0.0729584550218434,-0.011217452058281424,0.07381576653977244,4.239554702560567,1.9466636042510608,-2.2688401467327797,0.11290072940761572
4.4156830075456535,253.0,0.5528054807271883,0.1173664866199776,0.6515235239697972,0.147547621252806,0.6515235239697972,0.0,0.578380409341524,0.13760517827688343,-0.07314311462827316,-0.00994244297592256,0.07381576653977238,4.279204552501039,1.9863134541915324,-2.274582635775651,0.11409343910012283
4.4331363000655974,254.00000000000003,0.5548689743293224,0.1190939507663312,0.6540987157641445,0.147547621252806,0.6540987157641445,0.0,0.5807932216307103,0.13888321592368746,-0.07330549413343412,-0.008664405329118524,0.07381576653977254,4.318948583830057,2.0260574855205506,-2.2796322649132947,0.11528898186905125
4.4505895925855405,255.00000000000003,0.5569626942719574,0.12083008217635179,0.6566739075584914,0.147547621252806,0.6566739075584914,0.0,0.5832283634835359,0.14016389283228867,-0.07344554407495552,-0.0073837284205173215,0.07381576653977244,4.358774690130664,2.0658835918211578,-2.2839874959797446,0.11648699354049181
4.468042885105484,256.0,0.5590867872160838,0.12257435200759367,0.6592490993528385,0.147547621252806,0.6592490993528385,0.0,0.5856858775605697,0.14144681889609453,-0.07356322179226882,-0.006100802356711454,0.07381576653977245,4.3986707399850795,2.105779641675573,-2.2876470023294386,0.1176871091884841
4.485496177625427,257.0,0.5612413905707812,0.12432622893856915,0.6618242911471854,0.147547621252806,0.6618242911471854,0.0,0.5881657997075842,0.14273160332339804,-0.07365849143960124,-0.004816017929407945,0.07381576653977243,4.438624580670036,2.14573348236053,-2.290609669241288,0.11888896324617602
4.50294947014537,258.0,0.5634266324513625,0.1260851793305942,0.6643994829415324,0.147547621252806,0.6643994829415324,0.0,0.5906681589446371,0.14401785475641668,-0.0737313239968953,-0.0035297664963893083,0.0738157665397724,4.47862404185862,2.1857329435491133,-2.292874594258252,0.12009218961717898
4.520402762665314,259.0,0.5656426316403492,0.1278506673903402,0.6669746747358796,0.147547621252806,0.6669746747358796,0.0,0.593192977457231,0.1453051813905038,-0.07378169727864858,-0.002242439862302187,0.0738157665397724,4.518656939327471,2.2257658410179646,-2.2944410874622307,0.12129642178708448
4.537856055185257,260.0,0.5678894975512883,0.1296221553330413,0.6695498665302266,0.147547621252806,0.6695498665302266,0.0,0.5957402705895551,0.14659319109349592,-0.07380959594067149,-0.0009544301593100712,0.07381576653977245,4.558711078668209,2.2658199803587022,-2.29530867168422,0.12250129293510778
4.5553093477052,261.0,0.5701673301954244,0.13139910354630946,0.6721250583245736,0.14754762125280602,0.6721250583245736,0.0,0.5983100468398124,0.1478814915251603,-0.07381501148476122,0.0003338702723542919,0.07381576653977247,4.598774259001979,2.3058831606924723,-2.2954770826496596,0.12370643604582539
4.572762640225143,262.0,0.5724762201512353,0.1331809707545052,0.6747002501189205,0.147547621252806,0.6747002501189205,0.0,0.60090230785763,0.14916969025670548,-0.07379794226129055,0.0016220690038994956,0.07381576653977243,4.638834276695951,2.3459431783864444,-2.2949462690589355,0.12491148402097138
4.590215932745087,263.0,0.5748162485368411,0.13496721418361568,0.6772754419132678,0.147547621252806,0.6772754419132678,0.0,0.6035170484435572,0.15045739489031879,-0.07375839346971058,0.002909773637512797,0.07381576653977258,4.678878929080668,2.3859878307711613,-2.2937163926030193,0.12611606979125894
4.60766922526503,264.0,0.5771874869852935,0.1367572897265885,0.6798506337076147,0.147547621252806,0.6798506337076147,0.0,0.6061542565506489,0.15174421317869444,-0.07369637715696575,0.004196591925888449,0.07381576653977234,4.718896018167087,2.426004919857581,-2.2917878279141743,0.12731982642819317
4.625122517784973,265.0,0.5795899976227578,0.13855065210907247,0.6824258255019616,0.147547621252806,0.6824258255019616,0.0,0.6088139132881353,0.15302975314451617,-0.07361191221382635,0.005482131891710179,0.0738157665397724,4.758873354362222,2.4659822560527154,-2.289161162451908,0.1285223872558417
4.642575810304916,266.0,0.5820238330495873,0.14034675505551325,0.6850010172963087,0.147547621252806,0.6850010172963087,0.0,0.6114959929271767,0.1543136231998571,-0.07350502436913198,0.006766001947051098,0.07381576653977241,4.798798760182197,2.5059076618726905,-2.285837196323956,0.12972338596252678
4.6600291028248595,267.0,0.5844890363243005,0.14214505145555406,0.6875762090906556,0.147547621252806,0.6875762090906556,0.0,0.6142004629087,0.1555954322654612,-0.07337574618195564,0.008047811012655198,0.07381576653977247,4.838660073961633,2.545768975652127,-2.281816942042602,0.13092245671240804
4.6774823953448035,268.0,0.5869856409504666,0.1439449935306911,0.6901514008850029,0.147547621252806,0.6901514008850029,0.0,0.6169272838533174,0.15687478988987,-0.07322411703168552,0.00932716863706401,0.07381576653977258,4.878445153558212,2.5855540552487053,-2.277101624216247,0.1321192342569195
4.694935687864747,269.0,0.5895136708664975,0.14574603300113162,0.6927265926793498,0.147547621252806,0.6927265926793498,0.0,0.6196764095733205,0.15815130636835759,-0.07305018310602929,0.010603685115551598,0.07381576653977236,4.918141880051275,2.6252507817417685,-2.2716926791763674,0.13331335404602748
4.71238898038469,270.0,0.5920731404383587,0.14754762125280596,0.6953017844736967,0.147547621252806,0.6953017844736967,0.0,0.6224477870867505,0.15942459286163876,-0.0728539973869462,0.011876971608832776,0.07381576653977241,4.957738161433385,2.6648470631238785,-2.2655917545400373,0.13450445233927666
4.729842272904633,271.0,0.5946640544551915,0.14934920950448033,0.6978769762680438,0.147547621252806,0.6978769762680438,0.0,0.6252413566335373,0.16069426151431312,-0.07263561963450649,0.013146640261507136,0.07381576653977241,4.9972219362936565,2.70433083798415,-2.258800708707993,0.13569216631658845
4.747295565424577,272.0,0.5972864081278546,0.15115024897492094,0.700452168062391,0.14754762125280596,0.700452168062391,0.0,0.6280570516937017,0.16195992557300948,-0.07239511636868923,0.014412304320203517,0.07381576653977259,5.036581177491778,2.7436900791822714,-2.2513216102985876,0.1368761341887798
4.76474885794452,273.0,0.5999401870903828,0.1529501910500579,0.7030273598567379,0.14754762125280602,0.7030273598567379,0.0,0.6308947990076195,0.16322119950419473,-0.07213256084911845,0.01567357825138871,0.0738157665397724,5.075803895821597,2.7829127975120906,-2.2431567375176313,0.13805599530776727
4.782202150464463,274.0,0.6026253674043635,0.1547484874500987,0.7056025516510849,0.147547621252806,0.7056025516510849,0.0,0.6337545185983354,0.16447769911161128,-0.07184803305274945,0.016930077858805292,0.07381576653977243,5.114878143663155,2.821987045353649,-2.234308577464487,0.13923139027642456
4.799655442984406,275.0,0.6053419155662281,0.15654459039653945,0.7081777434454319,0.147547621252806,0.7081777434454319,0.0,0.6366361237959269,0.16572904165330665,-0.071541619649505,0.018181420400500664,0.0738157665397724,5.153792018622036,2.8609009203125293,-2.224779825374412,0.14040196105805805
4.817108735504349,276.0,0.6080897885174578,0.15833795277902343,0.7107529352397789,0.14754762125280596,0.7107529352397789,0.0,0.6395395212639028,0.16697484595822065,-0.0712134139758761,0.019427224705414692,0.07381576653977238,5.19253366715496,2.8996425688454535,-2.2145733837976027,0.1415673510854678
4.834562028024293,277.0,0.6108689336576993,0.16012802832199635,0.713328127034126,0.147547621252806,0.713328127034126,0.0,0.6424646110276356,0.1682147325422937,-0.07086351600649032,0.0206671112894877,0.07381576653977238,5.231091288180488,2.9382001898709813,-2.2036923617150346,0.1427272053695624
4.852015320544236,278.0,0.6136792888607878,0.16191427175110676,0.715903318828473,0.147547621252806,0.715903318828473,0.0,0.6454112865048143,0.16944832372406113,-0.07049203232365875,0.02190070247125514,0.07381576653977245,5.269453136673737,2.9765620383642304,-2.1921400735914434,0.14388117060749098
4.869468613064179,279.0,0.6165207824936708,0.1636961389593025,0.71847851062282,0.14754762125280596,0.71847851062282,0.0,0.6483794345379105,0.17067524373969892,-0.0700990760849095,0.023127622486892957,0.0738157665397723,5.307607527244036,3.0147164289345296,-2.1799200383656907,0.14502889529026325
4.886921905584122,280.0,0.6193933334382287,0.16547308717257064,0.721053702417167,0.14754762125280602,0.721053702417167,0.0,0.6513689354286469,0.1718951188574849,-0.06968476698852011,0.024347497604678886,0.07381576653977243,5.345542837694409,3.0526517393849026,-2.167035978378902,0.14617002980982277
4.904375198104066,281.0,0.6222968511159838,0.16724457511527183,0.7236288942115141,0.14754762125280602,0.7236288942115141,0.0,0.6543796629744598,0.17310757749164105,-0.06924923123705429,0.02555995623883503,0.07381576653977236,5.383247512561807,3.090356414252301,-2.1534918182405436,0.14730422656554035
4.9218284906240095,282.0,0.6252312355156913,0.16901006317501774,0.7262040860058612,0.147547621252806,0.7262040860058612,0.0,0.6574114845069398,0.17431225031552192,-0.06879260149892141,0.026764629062715928,0.0738157665397724,5.420710066637007,3.1278189683275004,-2.139291683633009,0.148431140070097
4.939281783143953,283.0,0.6281963772238038,0.1707690135670428,0.7287792778002081,0.147547621252806,0.7287792778002081,0.0,0.6604642609322451,0.1755087703741155,-0.06831501686796304,0.02796114912130951,0.0738157665397724,5.457919088463132,3.165027990153626,-2.124439900054855,0.14955042705472266
4.956735075663896,284.0,0.6311921574578004,0.17252089049801828,0.7313544695945551,0.147547621252806,0.7313544695945551,0.0,0.6635378467734707,0.17669677319582106,-0.06781662282108436,0.029149151943015067,0.07381576653977251,5.494863243811686,3.2019721455021797,-2.1089409915032356,0.15066174657375897
4.974188368183839,285.0,0.6342184481023682,0.17426516032926015,0.7339296613889021,0.147547621252806,0.7339296613889021,0.0,0.6666320902149623,0.17787589690347053,-0.06729757117393986,0.030328275650664538,0.07381576653977247,5.531531279135057,3.2386401808255503,-2.09279967909583,0.15176476010851478
4.991641660703783,286.0,0.6372751117484272,0.17600129173928084,0.7365048531832492,0.147547621252806,0.7365048531832492,0.0,0.6697468331485599,0.1790457823245603,-0.06675802003468934,0.03149816107175432,0.07381576653977226,5.56791202499448,3.2750209266849737,-2.076020879632759,0.1528591316703824
5.009094953223726,287.0,0.6403620017349873,0.17772875588563433,0.7390800449775963,0.147547621252806,0.7390800449775963,0.0,0.672881911221759,0.180206073100658,-0.06619813375583727,0.032658451847852016,0.07381576653977247,5.603994399462334,3.3111033011528272,-2.058609704098901,0.15394452790318255
5.026548245743669,288.0,0.6434789621938222,0.17944702656600747,0.7416552367719432,0.14754762125280602,0.7416552367719432,0.0,0.676037153887776,0.1813564157959533,-0.06561808288416726,0.03380879454314728,0.07381576653977244,5.639767411497818,3.3468763131883117,-2.0405714561069686,0.15502061818470836
5.044001538263612,289.0,0.6466258280969485,0.1811555803785057,0.7442304285662902,0.14754762125280596,0.7442304285662902,0.0,0.6792123844574962,0.18249646000491762,-0.06501804410879397,0.03494883875211166,0.07381576653977238,5.675220164294928,3.382329065985422,-2.021911630282043,0.15608707472743555
5.061454830783556,290.0,0.6498024253068949,0.18285389688108677,0.7468056203606374,0.147547621252806,0.7468056203606374,0.0,0.6824074201532959,0.18362585845904117,-0.06439820020734144,0.03607823720623518,0.07381576653977254,5.710341858601725,3.417450760292219,-2.002635910587842,0.1571435726783706
5.078908123303499,291.0,0.6530085706297456,0.18454145875009179,0.7493808121549843,0.147547621252806,0.7493808121549843,0.0,0.6856220721647183,0.18474426713261388,-0.06375873999026604,0.037196645879807894,0.07381576653977238,5.745121796009888,3.452230697700382,-1.9827501685952968,0.15818979021800275
5.096361415823442,292.0,0.6562440718709439,0.18621775193782775,0.7519560039493314,0.147547621252806,0.7519560039493314,0.0,0.6888561457059864,0.18585134534751951,-0.06309985824334496,0.038303724094713526,0.07381576653977229,5.779549382213559,3.4866582839040525,-1.962260461694069,0.1592254086583346
5.113814708343385,293.0,0.6595087278938354,0.18788226582915113,0.7545311957436783,0.147547621252806,0.7545311957436783,0.0,0.6921094400753373,0.18694675587700949,-0.06242175566834107,0.0393991346242035,0.0738157665397724,5.813614130236479,3.5207230319269724,-1.9411730312473705,0.16025011253995697
5.1312680008633285,294.0,0.6628023286809374,0.18953449339700607,0.7571063875380254,0.147547621252806,0.7571063875380254,0.0,0.695381748716158,0.18803016504842493,-0.061724638821867406,0.04048254379561894,0.07381576653977243,5.847305663626405,3.5544145653168986,-1.9194943006907865,0.16126358972814112
5.1487212933832724,295.0,0.6661246553979112,0.19117393135687,0.7596815793323725,0.14754762125280602,0.7596815793323725,0.0,0.6986728592799039,0.18910124284483704,-0.0610087200524686,0.04155362159203102,0.07381576653977245,5.88061371961589,3.5877226213063835,-1.8972308735756533,0.16226553150791762
5.1661745859032155,296.0,0.6694754804602215,0.19280008032005858,0.7622567711267194,0.147547621252806,0.7622567711267194,0.0,0.7019825536907823,0.19015966300557324,-0.06027421743593708,0.042612041752767255,0.07381576653977252,5.913528152248416,3.6206370539389097,-1.874389531557541,0.16325563267811438
5.183627878423159,297.0,0.6728545676024617,0.19441244494584486,0.7648319629210665,0.14754762125280596,0.7648319629210665,0.0,0.7053106082121815,0.19120510312559932,-0.05952135470888498,0.04365748187279336,0.07381576653977243,5.946038935468952,3.6531478371594455,-1.8509772323304927,0.1642335916443235
5.201081170943102,298.0,0.6762616719503207,0.1960105340923445,0.7674071547154134,0.14754762125280596,0.7674071547154134,0.0,0.708656793514821,0.19223724475372747,-0.058750361200592405,0.04468962350092151,0.07381576653977244,5.978136166177992,3.685245067868486,-1.8270011075076629,0.16519911051077027
5.218534463463046,299.0,0.6796965400951763,0.19759386096612255,0.7699823465097606,0.147547621252806,0.7699823465097606,0.0,0.7120208747466101,0.19325577348961928,-0.057961471763150474,0.04570815223681329,0.07381576653977245,6.009810067248135,3.7169189689386286,-1.802468460448925,0.16615189517105491
5.235987755982989,300.0,0.6831589101712838,0.199161943270475,0.7725575383041076,0.147547621252806,0.7725575383041076,0.0,0.7154026116041834,0.19426037907955482,-0.05715492669992417,0.04671275782674883,0.07381576653977244,6.041050990502273,3.748159892192767,-1.7773867640362322,0.16709165539773985
5.253441048502932,301.0,0.6866485119355448,0.20071430335234172,0.7751327300984546,0.147547621252806,0.7751327300984546,0.0,0.7188017584061018,0.1952507555109397,-0.056330971692352794,0.04770313425813372,0.0738157665397724,6.071849419652551,3.778958321343045,-1.7517636583972798,0.16801810493075642
5.270894341022875,302.0,0.6901650668498238,0.2022504683478037,0.7777079218928017,0.14754762125280596,0.7777079218928017,0.0,0.7222180641676881,0.19622660110551887,-0.05548985772511361,0.04867897985271291,0.07381576653977238,6.102195973199096,3.8093048748895892,-1.725606948578266,0.1689309615646023
5.288347633542818,303.0,0.6937082881657956,0.20376997032612218,0.7802831136871485,0.147547621252806,0.7802831136871485,0.0,0.7256512726774794,0.1971876186112711,-0.05463184100966911,0.04963999735846511,0.07381576653977243,6.1320814072877265,3.8391903089782202,-1.6989246021663875,0.16982994723430356
5.305800926062762,304.0,0.6972778810122906,0.20527234643227488,0.7828583054814957,0.14754762125280602,0.7828583054814957,0.0,0.7291011225752732,0.19813351529295456,-0.053757182906222556,0.050585894040148544,0.07381576653977254,6.161496618525715,3.8686055202162084,-1.6717247468628376,0.1707147881001168
5.323254218582705,305.0,0.7008735424851149,0.20675713902794585,0.7854334972758427,0.14754762125280602,0.7854334972758427,0.0,0.7325673474317378,0.1990640030212767,-0.05286614984410487,0.051516381768470676,0.0738157665397723,6.190432646754758,3.8975415484452514,-1.6440156680070204,0.17158521463094234
5.340707511102648,306.0,0.7044949617393192,0.20822389583092704,0.7880086890701897,0.14754762125280602,0.7880086890701897,0.0,0.7360496758295705,0.19997879836066182,-0.051959013240619245,0.0524311771078558,0.07381576653977244,6.218880677780354,3.9259895794708477,-1.6158058060528055,0.17244096168642717
5.358160803622591,307.0,0.708141820083884,0.20967217005288746,0.7905838808645367,0.147547621252806,0.7905838808645367,0.0,0.7395478314461746,0.20087762265558765,-0.05103604941836204,0.05333000140278166,0.07381576653977243,6.246832046056669,3.9539409477471628,-1.5871037539973976,0.17328176859772818
5.375614096142535,308.0,0.7118137910787972,0.21110152053546943,0.7931590726588839,0.14754762125280602,0.7931590726588839,0.0,0.7430615331378292,0.2017602021154669,-0.05009753952105467,0.0542125808626609,0.07381576653977238,6.274278237326157,3.9813871390166504,-1.557918254763902,0.1741073792469152
5.3930673886624785,309.0,0.7155105406344886,0.21251151188466938,0.7957342644532308,0.147547621252806,0.7957342644532308,0.0,0.7465904950253271,0.20262626789804628,-0.04914376942790366,0.05507864664524029,0.0738157665397725,6.301210891213075,4.008319792903569,-1.52825819853812,0.1749175421449865
5.410520681182422,310.0,0.7192317271136001,0.21390171460346352,0.7983094562475778,0.14754762125280596,0.7983094562475778,0.0,0.7501344265810597,0.20347555619129873,-0.0481750296665181,0.05592793493849277,0.07381576653977237,6.3276218037701515,4.034730705460645,-1.4981326200604803,0.17571201050847526
5.427973973702365,311.0,0.722977001435049,0.21527170522263656,0.8008846480419249,0.14754762125280602,0.8008846480419249,0.0,0.7536930327175104,0.2043078082937828,-0.047191615324414515,0.056760187040976795,0.07381576653977243,6.353502929977571,4.060611831668065,-1.4675506958740456,0.17649054233462183
5.445427266222308,312.0,0.7267460071803624,0.2166210664297744,0.8034598398362718,0.147547621252806,0.8034598398362718,0.0,0.7572660138771443,0.20512277069344595,-0.046193825959127466,0.05757514944063996,0.0738157665397724,6.378846386193575,4.085955287884069,-1.4365217415291585,0.17725290047508988
5.462880558742252,313.0,0.7305383807022467,0.21794938719638196,0.8060350316306188,0.14754762125280602,0.8060350316306188,0.0,0.7608530661236552,0.20592019514484652,-0.04518196550696363,0.05837257389204051,0.07381576653977238,6.403644452555895,4.1107533542463885,-1.4050552087459032,0.17799885270820504
5.480333851262195,314.0,0.7343537512353562,0.21925626290308578,0.8086102234249659,0.14754762125280596,0.8086102234249659,0.0,0.7644538812345469,0.20669983874477166,-0.04415634219041897,0.0591522174919657,0.07381576653977243,6.427889575333287,4.134998477023781,-1.3731606825349925,0.17872817180969047
5.497787143782138,315.0,0.7381917410092331,0.22054129546288573,0.8111854152193129,0.14754762125280596,0.8111854152193129,0.0,0.768068146795022,0.2074614640062284,-0.04311726842429087,0.05991384275342243,0.07381576653977238,6.45157436922649,4.158683270916984,-1.3408478782780704,0.17944063562188317
5.515240436302081,316.0,0.7420519653633801,0.2218040934424157,0.8137606070136599,0.147547621252806,0.8137606070136599,0.0,0.7716955462931454,0.20820483893078398,-0.042065060720514524,0.06065721767797799,0.07381576653977238,6.474691619617842,4.181800521308336,-1.3081266387683448,0.18013602712140395
5.532693728822025,317.0,0.745934032864431,0.22304427218117817,0.816335798808007,0.147547621252806,0.816335798808007,0.0,0.7753357592162577,0.2089297370792353,-0.04100003959174925,0.0613821158264293,0.07381576653977244,6.497234284768937,4.204343186459431,-1.2750069312123409,0.18081413448526587
5.550147021341968,318.0,0.7498375454253856,0.22426145390871532,0.8189109906023541,0.14754762125280602,0.8189109906023541,0.0,0.7789884611486061,0.20963593764058386,-0.03992252945374797,0.06208831638777784,0.07381576653977236,6.519195497965586,4.22630439965608,-1.2414988441938184,0.1814747511553966
5.567600313861911,319.0,0.7537620984268705,0.2254552678596819,0.821486182396701,0.147547621252806,0.821486182396701,0.0,0.7826533238701643,0.2103232254992977,-0.03883285852653673,0.0627756042464917,0.07381576653977227,6.540568569609511,4.247677471300005,-1.2076125846006815,0.1821176759015591
5.585053606381854,320.0,0.7577072808403904,0.2266253503867837,0.824061374191048,0.147547621252806,0.824061374191048,0.0,0.7863300154566115,0.21099139130083716,-0.03773135873443645,0.06344377004803117,0.07381576653977245,6.561346989256045,4.268455890946539,-1.1733584745158847,0.18274271288264748
5.602506898901797,321.0,0.7616726753535316,0.22777134507154811,0.826636565985395,0.14754762125280596,0.826636565985395,0.0,0.7900182003804418,0.21164023151542632,-0.03661836560495324,0.06409261026262036,0.07381576653977233,6.581524427597275,4.2886333292877685,-1.1387469480731547,0.18334967170634242
5.619960191421741,322.0,0.7656578584970787,0.22889290283289276,0.8292117577797421,0.14754762125280602,0.8292117577797421,0.0,0.7937175396131652,0.21226954850005053,-0.03549421816657694,0.06472192724724452,0.07381576653977233,6.601094738390023,4.308203640080516,-1.10378854827876,0.18393836748710657
5.6374134839416845,323.0,0.7696624007740077,0.2299896820334586,0.8317869495740892,0.147547621252806,0.8317869495740892,0.0,0.7974276907285824,0.2128791505586598,-0.034359258845506724,0.06533152930585381,0.0738157665397723,6.620051960328037,4.3271608620185305,-1.0684939237999147,0.18450862090250214
5.654866776461628,324.0,0.773685866790315,0.2310613485836765,0.8343621413684361,0.14754762125280602,0.8343621413684361,0.0,0.8011483080070892,0.2134688520005618,-0.03321383336134687,0.06592123074775577,0.07381576653977238,6.638390318857872,4.345499220548366,-1.0328738257211567,0.18506025824781475
5.672320068981571,325.0,0.7777278153876432,0.23210757604353374,0.8369373331627832,0.14754762125280602,0.8369373331627832,0.0,0.8048790425409877,0.21403847319698466,-0.03205829062179544,0.06649085194417864,0.0738157665397724,6.656104227937871,4.363213129628365,-0.9969391042694082,0.18559311148896504
5.689773361501515,326.0,0.7817877997776614,0.23312804572201112,0.8395125249571302,0.147547621252806,0.8395125249571302,0.0,0.8086195423407654,0.21458784063579406,-0.03089298261636486,0.06704021938298807,0.07381576653977245,6.673188291739734,4.380297193430228,-0.9607007055089297,0.1861070183136941
5.707226654021458,327.0,0.785865367678161,0.23412244677415894,0.8420877167514772,0.14754762125280602,0.8420877167514772,0.0,0.812369452442315,0.21511678697434614,-0.029718264309162246,0.06756916572154012,0.07381576653977238,6.689637306292125,4.396746207982619,-0.9241696680070349,0.18660182218100466
5.724679946541401,328.0,0.7899600614508265,0.23509047629578378,0.8446629085458243,0.14754762125280596,0.8446629085458243,0.0,0.8161284150150605,0.2156251510904622,-0.02853449353076376,0.06807752983765625,0.07381576653977236,6.705446261065868,4.4125551627563615,-0.8873571194716324,0.18707737236884542
5.742133239061344,329.0,0.7940714182406354,0.23603183941571587,0.8472381003401712,0.14754762125280602,0.8472381003401712,0.0,0.8198960694709552,0.216112778131508,-0.02734203086921605,0.06856515687870199,0.07381576653977237,6.720610340500198,4.427719242190691,-0.8502742733616201,0.18753352402002252
5.759586531581287,330.0,0.7981989701168493,0.23694624938562964,0.8498132921345183,0.14754762125280596,0.8498132921345183,0.0,0.8236720525743209,0.21657951956156282,-0.026141239560197427,0.06903189830875686,0.07381576653977238,6.735124925469614,4.442233827160107,-0.8129324254711517,0.18797013818632413
5.777039824101231,331.0,0.8023422442155488,0.23783342766739027,0.8523884839288653,0.147547621252806,0.8523884839288653,0.0,0.8274559985524925,0.21702523320666592,-0.024932485376372826,0.06947761195385993,0.07381576653977243,6.748985594690936,4.4560944963814295,-0.7753429504888294,0.18838708187084563
5.794493116621174,332.0,0.8065007628836739,0.23869310401789873,0.8549636757232124,0.147547621252806,0.8549636757232124,0.0,0.8312475392072365,0.21744978329812312,-0.023716136515975927,0.06990216204531713,0.07381576653977238,6.762188126070045,4.469297027760539,-0.7375172985328647,0.18878422806850167
5.811946409141117,333.0,0.8106740438245205,0.2395250165714108,0.8575388675175594,0.14754762125280596,0.8575388675175594,0.0,0.8350463040269059,0.21785304051386373,-0.022492563490653428,0.07030541926105777,0.07381576653977244,6.774728497987981,4.481837399678475,-0.6994669916632933,0.18916145580471316
5.82939970166106,334.0,0.8148616002446537,0.24032891191930378,0.8601140593119063,0.14754762125280596,0.8601140593119063,0.0,0.8388519202993053,0.21823488201783361,-0.02126213901260099,0.07068726076502765,0.07381576653977243,6.786602890525986,4.493711792216479,-0.661203620372162,0.18951865017225736
5.846852994181004,335.0,0.8190629410021896,0.24110454518726726,0.8626892511062535,0.14754762125280596,0.8626892511062535,0.0,0.8426640132252192,0.21859519149741158,-0.020025237881034275,0.07104757024460562,0.07381576653977238,6.797807686629057,4.504916588319551,-0.6227388400530397,0.18985570236626984
5.8643062867009474,336.0,0.8232775707564004,0.241851680109894,0.8652644429006006,0.14754762125280596,0.8652644429006006,0.0,0.8464822060325801,0.21893385919883981,-0.018782236868020497,0.07138623794603385,0.07381576653977247,6.808339473207762,4.515448374898256,-0.5840843674506411,0.1901725097173871
5.8817595792208905,337.0,0.8275049901186023,0.24257008910264893,0.8678396346949475,0.147547621252806,0.8678396346949475,0.0,0.8503061200912387,0.21925078196065562,-0.017533514603708777,0.07170316070784963,0.07381576653977238,6.818195042177882,4.5253039438683755,-0.5452519770917545,0.19046897572302093
5.899212871740834,338.0,0.8317446958042727,0.24325955333119348,0.8704148264892945,0.14754762125280596,0.8704148264892945,0.0,0.8541353750282966,0.21954586324511574,-0.01627945146099785,0.07199824199230978,0.07381576653977241,6.827371391437637,4.534480293128131,-0.506253497698673,0.19074501007675423
5.916666164260777,339.0,0.8359961807863556,0.24391986277804467,0.8729900182836414,0.14754762125280602,0.8729900182836414,0.0,0.8579695888439721,0.21981901316760236,-0.015020429439669303,0.07227139191479634,0.07381576653977234,6.835865725782149,4.542974627472643,-0.46710080858600417,0.19100052869584885
5.934119456780721,340.0,0.8402589344497079,0.2445508163065484,0.8755652100779886,0.14754762125280602,0.8755652100779886,0.0,0.8618083780279613,0.22007014852400306,-0.013756832050027312,0.07252252727119704,0.07381576653977236,6.843675457754891,4.550784359445385,-0.42780583604213446,0.19123545374685794
5.951572749300664,341.0,0.8445324427466357,0.2451522217221477,0.8781404018723356,0.147547621252806,0.8781404018723356,0.0,0.865651357676258,0.22029919281605542,-0.012489044196077548,0.07275157156324943,0.0738157665397724,6.850798208435848,4.557907110126342,-0.3883805496963608,0.1914497136693355
5.969026041820607,342.0,0.848816188353481,0.24572389583092705,0.8807155936666826,0.14754762125280602,0.8807155936666826,0.0,0.869498141608401,0.22050607627464935,-0.011217452058281618,0.07295845502184334,0.07381576653977241,6.857231808166165,4.564340709856658,-0.34883695887282434,0.19164324319763326
5.98647933434055,343.0,0.8531096508282012,0.24626566449541495,0.8832907854610296,0.14754762125280596,0.8832907854610296,0.0,0.873348342485107,0.22069073588107915,-0.009942442975922616,0.07314311462827319,0.07381576653977241,6.862974297209036,4.57008319889953,-0.3091871089323488,0.19181598338078232
6.003932626860494,344.0,0.8574123067689019,0.24677736268762804,0.8858659772553767,0.14754762125280596,0.8858659772553767,0.0,0.877201571926258,0.22085311538623992,-0.008664405329118718,0.07330549413343396,0.07381576653977238,6.868023926346675,4.575132828037169,-0.26944307760333525,0.19196788160044956
6.021385919380437,345.0,0.8617236299732695,0.24725883453933997,0.8884411690497237,0.14754762125280602,0.8884411690497237,0.0,0.8810574406292063,0.22099316532776145,-0.007383728420517377,0.07344554407495543,0.07381576653977236,6.872379157413128,4.579488059103622,-0.2296169713027233,0.19209889158696564
6.03883921190038,346.0,0.8660430915988583,0.2477099333895606,0.8910163608440707,0.14754762125280602,0.8910163608440707,0.0,0.8849155584873591,0.22111084304507472,-0.00610080235671151,0.07356322179226871,0.07381576653977234,6.876038663762822,4.583147565453316,-0.18972092144830757,0.19220897343341956
6.056292504420323,347.0,0.8703701603241809,0.24813052182921028,0.8935915526384177,0.147547621252806,0.8935915526384177,0.0,0.8887755347090098,0.2212061126924072,-0.00481601792940789,0.07365849143960121,0.0738157665397724,6.879001330674673,4.586110232365167,-0.14976708076334777,0.19229809360781466
6.073745796940266,348.0,0.8747043025105529,0.24852047174297592,0.8961667444327647,0.147547621252806,0.8961667444327647,0.0,0.8926369779363753,0.22127894524970126,-0.003529766496389364,0.07373132399689528,0.07381576653977237,6.881266255691637,4.5883751573821305,-0.10976761957476754,0.19236622496328237
6.09119908946021,349.0,0.879044982364646,0.24887966434833636,0.8987419362271118,0.147547621252806,0.8987419362271118,0.0,0.8964994963648095,0.22132931853145454,-0.0022424398623023256,0.07378169727864856,0.07381576653977237,6.882832748895615,4.589941650586109,-0.06973472210591905,0.19241334674635185
6.1086523819801535,350.0,0.8833916621016941,0.24920799023174428,0.9013171280214588,0.14754762125280596,0.9013171280214588,0.0,0.9003626978621485,0.2213572171934774,-0.0009544301593102933,0.07380959594067144,0.0738157665397724,6.883700333117604,4.5908092348080975,-0.029680582765183715,0.1924394446032715
6.126105674500097,351.0,0.8877438021093094,0.24950534938195515,0.9038923198158059,0.14754762125280596,0.9038923198158059,0.0,0.9042261900881601,0.22136263273756712,0.00033387027235420863,0.07381501148476116,0.07381576653977241,6.883868744083043,4.5909776457735365,0.010382597568589476,0.19244451058438122
6.14355896702004,352.0,0.892100861111852,0.24977165122049116,0.9064675116101528,0.14754762125280596,0.9064675116101528,0.0,0.9080895806140522,0.22134556351409648,0.0016220690038993846,0.07379794226129052,0.07381576653977238,6.88333793049232,4.590446832182813,0.050442615262561906,0.19242854314653413
6.161012259539984,353.0,0.8964622963353096,0.2500068146292327,0.9090427034044999,0.14754762125280602,0.9090427034044999,0.0,0.9119524770420129,0.22130601472251638,0.0029097736375129912,0.07375839346971036,0.07381576653977236,6.882108054036399,4.589216955726893,0.09048726764728776,0.19239154715356668
6.178465552059927,354.0,0.9008275636726295,0.25021076797512715,0.911617895198847,0.147547621252806,0.911617895198847,0.0,0.9158144871247356,0.22124399840977174,0.004196591925888615,0.07369637715696575,0.07381576653977236,6.88017948934756,4.5872883910380535,0.13050435673370642,0.19233353387481628
6.19591884457987,355.0,0.9051961178494604,0.2503834491320098,0.9141930869931939,0.147547621252806,0.9141930869931939,0.0,0.919675218884904,0.2211595334666323,0.005482131891710096,0.07361191221382632,0.07381576653977237,6.877552823885293,4.584661725575787,0.17048169292883308,0.19225452098169002
6.213372137099813,356.0,0.9095674125902482,0.25052480549952744,0.916768278787541,0.147547621252806,0.916768278787541,0.0,0.9235342807345921,0.2210526456219379,0.006766001947051126,0.07350502436913192,0.07381576653977237,6.87422885775734,4.581337759447834,0.21040709874881183,0.1921545325422804
6.230825429619756,357.0,0.913940900784636,0.2506347940191611,0.9193434705818879,0.147547621252806,0.9193434705818879,0.0,0.927391281594543,0.22092336743476154,0.00804781101265506,0.07337574618195555,0.07381576653977236,6.8702086034759855,4.577317505166479,0.2502684125282433,0.19203359901403458
6.2482787221397,358.0,0.9183160346541202,0.2507133811873423,0.9219186623762351,0.14754762125280602,0.9219186623762351,0.0,0.9312458310132992,0.22077173828449131,0.009327168637064065,0.0732241170316853,0.07381576653977236,6.865493285649627,4.572602187340121,0.29005349212482723,0.19189175723447713
6.265732014659643,359.0,0.9226922659189076,0.25076054306565826,0.924493854170582,0.147547621252806,0.924493854170582,0.0,0.9350975392861336,0.2205978043588353,0.010603685115551542,0.07305018310602931,0.07381576653977238,6.860084340609754,4.567193242300248,0.3297502186178873,0.1917290504099876
6.283185307179586,360.0,0.927069045964929,0.250776265288144,0.927069045964929,0.147547621252806,0.927069045964929,0.0,0.938946017573762,0.22040161863975213,0.011876971608832942,0.07285399738694615,0.07381576653977238,6.853983415973421,4.561092317663915,0.3693465000000043,0.19154552810264136
